timestamp,Open,High,Low,Close,Volume
2021-05-13,1.3019,1.3717,1.2248,1.3644,9588058.0
2021-05-14,1.3644,1.4489,1.3243,1.4013,16148013.0
2021-05-15,1.4013,1.5837,1.3234,1.4924,50956839.0
2021-05-16,1.4924,1.613,1.3381,1.4479,66470183.0
2021-05-17,1.4479,1.5633,1.3257,1.4967,75532635.0
2021-05-18,1.4967,1.7039,1.475,1.5911,101410802.0
2021-05-19,1.5911,1.6467,0.8482,1.0606,224029270.0
2021-05-20,1.0606,1.2652,0.9034,1.1796,114054760.0
2021-05-21,1.1796,1.22,0.8651,1.0065,107903750.0
2021-05-22,1.0065,1.0158,0.8151,0.9047,133401592.0
2021-05-23,0.9047,0.9683,0.65,0.7897,211078680.0
2021-05-24,0.7897,0.9972,0.7539,0.9926,135033807.0
2021-05-25,0.9926,1.0596,0.88,0.9744,153234120.0
2021-05-26,0.9744,1.0689,0.9441,1.0304,110519597.0
2021-05-27,1.0304,1.0419,0.9314,0.9734,97767302.0
2021-05-28,0.9734,0.9841,0.8461,0.8988,161025951.0
2021-05-29,0.8988,0.9421,0.7924,0.8292,159396434.0
2021-05-30,0.8292,0.933,0.7976,0.9057,134740675.0
2021-05-31,0.9057,1.0496,0.8807,1.0416,230665872.0
2021-06-01,1.0416,1.1,0.974,1.0103,246775827.0
2021-06-02,1.0103,1.0503,0.98,1.0255,143336714.0
2021-06-03,1.0255,1.0783,1.0078,1.0442,130282183.0
2021-06-04,1.0442,1.0453,0.9155,0.9689,196050279.0
2021-06-05,0.9689,0.9987,0.8885,0.9223,160880841.0
2021-06-06,0.9223,0.9498,0.9174,0.946,99939785.0
2021-06-07,0.946,0.9757,0.8357,0.8617,156112549.0
2021-06-08,0.8617,0.8853,0.782,0.8734,252503449.0
2021-06-09,0.8734,0.9223,0.83,0.9222,222850853.0
2021-06-10,0.9222,0.9301,0.8525,0.8693,143922959.0
2021-06-11,0.8693,0.8807,0.8332,0.8473,147411825.0
2021-06-12,0.8473,0.8476,0.8055,0.8319,135706208.0
2021-06-13,0.8319,0.8879,0.8172,0.8832,129832121.0
2021-06-14,0.8832,0.9297,0.8632,0.8906,145833824.0
2021-06-15,0.8906,0.9014,0.855,0.8669,127765147.0
2021-06-16,0.8669,0.8733,0.8262,0.8321,116653701.0
2021-06-17,0.8321,0.8604,0.8229,0.8421,89242829.0
2021-06-18,0.8421,0.8455,0.7677,0.7967,115285452.0
2021-06-19,0.7967,0.805,0.7555,0.7588,105607571.0
2021-06-20,0.7588,0.7852,0.6952,0.7737,214664396.0
2021-06-21,0.7737,0.7799,0.6033,0.6059,346272060.0
2021-06-22,0.6059,0.649,0.5094,0.5463,492423950.0
2021-06-23,0.5463,0.6655,0.5196,0.6375,459192957.0
2021-06-24,0.6375,0.6922,0.6159,0.6728,340560760.0
2021-06-25,0.6728,0.6884,0.6017,0.6106,437514940.0
2021-06-26,0.6106,0.6321,0.581,0.6164,335245248.0
2021-06-27,0.6164,0.6519,0.5966,0.6479,264362144.0
2021-06-28,0.6479,0.6571,0.624,0.6436,240808732.0
2021-06-29,0.6436,0.736,0.6413,0.7066,371738750.0
2021-06-30,0.7066,0.7142,0.648,0.7057,349996601.0
2021-07-01,0.7057,0.7058,0.6442,0.6591,274628832.0
2021-07-02,0.6591,0.6675,0.6327,0.6555,194253907.0
2021-07-03,0.6555,0.687,0.6428,0.6729,181740967.0
2021-07-04,0.6729,0.7089,0.6658,0.6958,165933613.0
2021-07-05,0.6958,0.6963,0.6436,0.6519,183073483.0
2021-07-06,0.6519,0.6792,0.6515,0.6649,168928033.0
2021-07-07,0.6649,0.6739,0.65,0.6519,124928195.0
2021-07-08,0.6519,0.6541,0.6107,0.6214,195247118.0
2021-07-09,0.6214,0.6454,0.59,0.6364,224673503.0
2021-07-10,0.6364,0.6485,0.6115,0.625,153299513.0
2021-07-11,0.625,0.6448,0.6173,0.6362,131648552.0
2021-07-12,0.6362,0.6569,0.6175,0.6294,180277994.0
2021-07-13,0.6294,0.6445,0.609,0.6196,160064560.0
2021-07-14,0.6196,0.6276,0.5848,0.6199,199493780.0
2021-07-15,0.6199,0.626,0.5879,0.5972,153619594.0
2021-07-16,0.5972,0.6196,0.5881,0.5896,163303191.0
2021-07-17,0.5896,0.5979,0.5561,0.5821,191212703.0
2021-07-18,0.5821,0.6022,0.5705,0.5867,134604833.0
2021-07-19,0.5867,0.5888,0.5532,0.5577,163468671.0
2021-07-20,0.5577,0.57,0.5157,0.5285,218445292.0
2021-07-21,0.5285,0.5869,0.519,0.5711,254094229.0
2021-07-22,0.5711,0.6031,0.5608,0.5918,252808201.0
2021-07-23,0.5918,0.61,0.575,0.6092,254733375.0
2021-07-24,0.6092,0.6227,0.6001,0.6083,166229110.0
2021-07-25,0.6083,0.6115,0.5908,0.6062,129186223.0
2021-07-26,0.6062,0.68,0.6045,0.6231,406578681.0
2021-07-27,0.6231,0.6529,0.6121,0.6449,223870122.0
2021-07-28,0.6449,0.7563,0.6313,0.7327,730196568.0
2021-07-29,0.7327,0.7662,0.6967,0.7491,325441351.0
2021-07-30,0.7491,0.77,0.7124,0.7524,352768595.0
2021-07-31,0.7524,0.7598,0.7371,0.7462,175890831.0
2021-08-01,0.7462,0.7775,0.7025,0.7238,228731486.0
2021-08-02,0.7238,0.7738,0.7141,0.7385,196298263.0
2021-08-03,0.7385,0.7448,0.7002,0.7135,192309594.0
2021-08-04,0.7135,0.7396,0.6938,0.7311,155620172.0
2021-08-05,0.7311,0.739,0.702,0.7334,146126672.0
2021-08-06,0.7334,0.7534,0.7229,0.7469,129446799.0
2021-08-07,0.7469,0.8198,0.7419,0.8171,278080755.0
2021-08-08,0.8171,0.842,0.7725,0.7797,215791808.0
2021-08-09,0.7797,0.8284,0.7605,0.818,239718989.0
2021-08-10,0.818,0.8632,0.8009,0.8518,276801212.0
2021-08-11,0.8518,1.0923,0.8491,1.0131,734532772.0
2021-08-12,1.0131,1.0463,0.9219,0.9659,675991686.0
2021-08-13,0.9659,1.0973,0.9511,1.0905,483637347.0
2021-08-14,1.0905,1.3121,1.0705,1.281,927808074.0
2021-08-15,1.281,1.3496,1.2262,1.2852,759158866.0
2021-08-16,1.2852,1.3319,1.1364,1.1856,561395328.0
2021-08-17,1.1856,1.2241,1.086,1.0987,573763074.0
2021-08-18,1.0987,1.1955,1.0508,1.1432,601519755.0
2021-08-19,1.1432,1.2354,1.0902,1.2349,442852207.0
2021-08-20,1.2349,1.291,1.2015,1.2633,367442093.0
2021-08-21,1.2633,1.2839,1.2021,1.2173,278438216.0
2021-08-22,1.2173,1.257,1.1774,1.2262,241840198.0
2021-08-23,1.2262,1.3063,1.1936,1.2475,392241272.0
2021-08-24,1.2475,1.2665,1.1166,1.1363,396478270.0
2021-08-25,1.1363,1.1775,1.107,1.1745,335205968.0
2021-08-26,1.1745,1.1874,1.0628,1.0725,417761989.0
2021-08-27,1.0725,1.1932,1.0504,1.1924,362765098.0
2021-08-28,1.1924,1.1997,1.1327,1.1466,237263965.0
2021-08-29,1.1466,1.1698,1.1125,1.142,241064601.0
2021-08-30,1.142,1.15,1.0953,1.1007,240498394.0
2021-08-31,1.1007,1.2434,1.091,1.1865,464262846.0
2021-09-01,1.1865,1.2383,1.16,1.2365,320277498.0
2021-09-02,1.2365,1.2974,1.2224,1.2544,343361606.0
2021-09-03,1.2544,1.325,1.2184,1.2915,397298586.0
2021-09-04,1.2915,1.2997,1.2363,1.2554,192845149.0
2021-09-05,1.2554,1.312,1.2374,1.308,206280429.0
2021-09-06,1.308,1.4168,1.3075,1.3898,450036579.0
2021-09-07,1.3898,1.393,0.956,1.1288,957695073.0
2021-09-08,1.1288,1.1478,1.0127,1.1,446514262.0
2021-09-09,1.1,1.1388,1.0698,1.0878,326553932.0
2021-09-10,1.0878,1.2444,1.029,1.0559,572550072.0
2021-09-11,1.0559,1.1138,1.0513,1.0787,238228807.0
2021-09-12,1.0787,1.1273,1.0574,1.118,214848184.0
2021-09-13,1.118,1.1258,1.0263,1.0651,324524345.0
2021-09-14,1.0651,1.0974,1.0578,1.0965,165841099.0
2021-09-15,1.0965,1.1303,1.0786,1.1217,166351428.0
2021-09-16,1.1217,1.1298,1.067,1.0915,186773764.0
2021-09-17,1.0915,1.1033,1.051,1.0665,173085546.0
2021-09-18,1.0665,1.0949,1.0583,1.0759,114217461.0
2021-09-19,1.0759,1.0831,1.0388,1.0481,127043838.0
2021-09-20,1.0481,1.0494,0.87,0.9217,488157406.0
2021-09-21,0.9217,0.9577,0.8582,0.8735,320677395.0
2021-09-22,0.8735,1.0085,0.8681,1.0031,334446656.0
2021-09-23,1.0031,1.0166,0.968,1.0006,212966628.0
2021-09-24,1.0006,1.0028,0.8848,0.9436,328024651.0
2021-09-25,0.9436,0.9571,0.9163,0.9398,141084700.0
2021-09-26,0.9398,0.956,0.8914,0.9436,192239577.0
2021-09-27,0.9436,0.9815,0.9205,0.9223,162032555.0
2021-09-28,0.9223,0.9429,0.8916,0.8943,161606657.0
2021-09-29,0.8943,0.9933,0.8865,0.9262,260009114.0
2021-09-30,0.9262,0.9628,0.9215,0.9526,145402789.0
2021-10-01,0.9526,1.0687,0.9436,1.0417,289591690.0
2021-10-02,1.0417,1.0766,1.0084,1.0359,169430472.0
2021-10-03,1.0359,1.0885,1.0211,1.0561,188642198.0
2021-10-04,1.0561,1.0609,1.0065,1.0432,199930636.0
2021-10-05,1.0432,1.0895,1.0383,1.085,183930386.0
2021-10-06,1.085,1.1097,1.0178,1.0768,253299352.0
2021-10-07,1.0768,1.095,1.0443,1.068,189935342.0
2021-10-08,1.068,1.093,1.0532,1.0636,137480812.0
2021-10-09,1.0636,1.2077,1.0575,1.1609,326615367.0
2021-10-10,1.1609,1.2308,1.1255,1.1363,349575872.0
2021-10-11,1.1363,1.182,1.1,1.1365,222184176.0
2021-10-12,1.1365,1.1366,1.0616,1.1025,276392894.0
2021-10-13,1.1025,1.1426,1.0764,1.1283,191801560.0
2021-10-14,1.1283,1.1586,1.1145,1.1343,170511809.0
2021-10-15,1.1343,1.1661,1.0873,1.1408,232649167.0
2021-10-16,1.1408,1.1871,1.1305,1.1354,174936482.0
2021-10-17,1.1354,1.1414,1.0121,1.0936,207498677.0
2021-10-18,1.0936,1.1068,1.0652,1.0839,162348264.0
2021-10-19,1.0839,1.1011,1.0671,1.092,122967174.0
2021-10-20,1.092,1.1541,1.0885,1.1459,158298067.0
2021-10-21,1.1459,1.166,1.0847,1.0892,219464051.0
2021-10-22,1.0892,1.1293,1.076,1.0902,145975066.0
2021-10-23,1.0902,1.1022,1.0769,1.0946,85021270.0
2021-10-24,1.0946,1.0973,1.05,1.0828,90145987.0
2021-10-25,1.0828,1.1036,1.08,1.0954,69068602.0
2021-10-26,1.0954,1.1609,1.091,1.1074,176935692.0
2021-10-27,1.1074,1.1254,0.9363,0.9939,303741100.0
2021-10-28,0.9939,1.0807,0.9806,1.059,220515892.0
2021-10-29,1.059,1.0915,1.0545,1.083,115041429.0
2021-10-30,1.083,1.117,1.061,1.0854,134652665.0
2021-10-31,1.0854,1.1557,1.0679,1.1128,215271011.0
2021-11-01,1.1128,1.1341,1.0707,1.0926,135652126.0
2021-11-02,1.0926,1.1469,1.0869,1.1348,131701527.0
2021-11-03,1.1348,1.24,1.1272,1.2108,355628674.0
2021-11-04,1.2108,1.2599,1.1626,1.2016,257675180.0
2021-11-05,1.2016,1.2016,1.1271,1.1594,140998162.0
2021-11-06,1.1594,1.1765,1.0958,1.1515,114259331.0
2021-11-07,1.1515,1.238,1.1461,1.2208,177334520.0
2021-11-08,1.2208,1.2976,1.2208,1.2834,298941648.0
2021-11-09,1.2834,1.2899,1.2222,1.2576,222417046.0
2021-11-10,1.2576,1.3519,1.1005,1.1897,464707619.0
2021-11-11,1.1897,1.2529,1.1759,1.2154,190247720.0
2021-11-12,1.2154,1.2339,1.1528,1.189,176041894.0
2021-11-13,1.189,1.2045,1.1629,1.1895,100040529.0
2021-11-14,1.1895,1.1996,1.168,1.1892,76654062.0
2021-11-15,1.1892,1.2199,1.16,1.1726,94803678.0
2021-11-16,1.1726,1.1726,1.0369,1.0883,226431764.0
2021-11-17,1.0883,1.1127,1.0583,1.0956,103907426.0
2021-11-18,1.0956,1.1682,1.015,1.0408,186131857.0
2021-11-19,1.0408,1.1025,1.0181,1.0901,111819932.0
2021-11-20,1.0901,1.1022,1.0604,1.0974,76209067.0
2021-11-21,1.0974,1.0983,1.0526,1.0577,65147063.0
2021-11-22,1.0577,1.0718,1.026,1.0366,97458185.0
2021-11-23,1.0366,1.0718,1.0205,1.0667,69770486.0
2021-11-24,1.0667,1.0736,1.006,1.0338,73882550.0
2021-11-25,1.0338,1.066,1.0212,1.0444,72670952.0
2021-11-26,1.0444,1.0479,0.8991,0.9404,194875706.0
2021-11-27,0.9404,0.9655,0.9338,0.946,57758928.0
2021-11-28,0.946,0.9688,0.8806,0.9687,117616824.0
2021-11-29,0.9687,1.0017,0.9635,0.9897,85950394.0
2021-11-30,0.9897,1.0299,0.9704,0.9984,102072102.0
2021-12-01,0.9984,1.0179,0.9802,0.9908,69809160.0
2021-12-02,0.9908,0.9908,0.9558,0.9725,66820889.0
2021-12-03,0.9725,0.9839,0.89,0.9216,102433450.0
2021-12-04,0.9216,0.9245,0.5862,0.8447,539890351.0
2021-12-05,0.8447,0.8615,0.7692,0.804,209829851.0
2021-12-06,0.804,0.8295,0.7485,0.8254,174471144.0
2021-12-07,0.8254,0.8454,0.8036,0.8151,116781007.0
2021-12-08,0.8151,0.8847,0.8022,0.862,159558722.0
2021-12-09,0.862,0.9344,0.832,0.8586,280097193.0
2021-12-10,0.8586,0.8826,0.791,0.7984,212478022.0
2021-12-11,0.7984,0.8442,0.7841,0.8383,119643960.0
2021-12-12,0.8383,0.8567,0.8087,0.8395,104730685.0
2021-12-13,0.8395,0.8441,0.7604,0.7813,154134259.0
2021-12-14,0.7813,0.8212,0.7721,0.8106,119971965.0
2021-12-15,0.8106,0.8404,0.7767,0.8262,145058995.0
2021-12-16,0.8262,0.8359,0.8033,0.805,91754323.0
2021-12-17,0.805,0.8322,0.7749,0.7962,145486197.0
2021-12-18,0.7962,0.8342,0.7911,0.8264,116013988.0
2021-12-19,0.8264,0.849,0.8192,0.8346,118431237.0
2021-12-20,0.8346,0.914,0.8214,0.8788,335768884.0
2021-12-21,0.8788,0.96,0.8525,0.9465,246668271.0
2021-12-22,0.9465,0.9729,0.9224,0.9532,213643806.0
2021-12-23,0.9532,1.0177,0.9364,0.9934,238899338.0
2021-12-24,0.9934,0.9954,0.8901,0.9135,330005016.0
2021-12-25,0.9135,0.9348,0.9005,0.9259,138025729.0
2021-12-26,0.9259,0.9333,0.9053,0.9203,104999175.0
2021-12-27,0.9203,0.9563,0.9138,0.9267,117315452.0
2021-12-28,0.9267,0.9271,0.8451,0.8511,179863767.0
2021-12-29,0.8511,0.864,0.8101,0.8166,169964210.0
2021-12-30,0.8166,0.8596,0.8019,0.8386,146613272.0
2021-12-31,0.8386,0.8536,0.8028,0.8289,133811923.0
2022-01-01,0.8289,0.8554,0.8289,0.8504,80759496.0
2022-01-02,0.8504,0.8671,0.8375,0.8586,84427849.0
2022-01-03,0.8586,0.8587,0.8212,0.8322,95677624.0
2022-01-04,0.8322,0.8458,0.8148,0.8239,92509683.0
2022-01-05,0.8239,0.8377,0.7048,0.771,181038507.0
2022-01-06,0.771,0.79,0.7375,0.7793,139372746.0
2022-01-07,0.7793,0.7799,0.7282,0.763,203151857.0
2022-01-08,0.763,0.7774,0.7228,0.7452,135753074.0
2022-01-09,0.7452,0.7666,0.7381,0.7522,76078011.0
2022-01-10,0.7522,0.758,0.695,0.7392,189785385.0
2022-01-11,0.7392,0.7801,0.7307,0.7695,104573420.0
2022-01-12,0.7695,0.8086,0.7564,0.7984,123502540.0
2022-01-13,0.7984,0.8019,0.761,0.7683,84124693.0
2022-01-14,0.7683,0.7902,0.7516,0.7732,98128407.0
2022-01-15,0.7732,0.7899,0.768,0.7797,58000672.0
2022-01-16,0.7797,0.7862,0.7638,0.7784,55400396.0
2022-01-17,0.7784,0.7813,0.7504,0.7619,63925036.0
2022-01-18,0.7619,0.7687,0.7352,0.7511,69033548.0
2022-01-19,0.7511,0.7533,0.7237,0.7377,75413172.0
2022-01-20,0.7377,0.7679,0.7159,0.7204,87760521.0
2022-01-21,0.7204,0.7286,0.61,0.6366,292317856.0
2022-01-22,0.6366,0.6527,0.5464,0.5965,421590936.0
2022-01-23,0.5965,0.6347,0.5894,0.6283,165009659.0
2022-01-24,0.6283,0.6284,0.552,0.6115,243825354.0
2022-01-25,0.6115,0.6243,0.5874,0.617,106196631.0
2022-01-26,0.617,0.6585,0.6045,0.6189,182289136.0
2022-01-27,0.6189,0.6245,0.5893,0.6092,113069565.0
2022-01-28,0.6092,0.6137,0.5921,0.6111,88283482.0
2022-01-29,0.6111,0.629,0.6074,0.6174,68816859.0
2022-01-30,0.6174,0.6229,0.5966,0.6017,64982353.0
2022-01-31,0.6017,0.6234,0.5794,0.6173,89612834.0
2022-02-01,0.6173,0.6302,0.6107,0.6283,70014436.0
2022-02-02,0.6283,0.6309,0.5953,0.6009,79797362.0
2022-02-03,0.6009,0.6113,0.5878,0.6097,64829594.0
2022-02-04,0.6097,0.659,0.6043,0.6552,100280738.0
2022-02-05,0.6552,0.6866,0.6501,0.6653,125400685.0
2022-02-06,0.6653,0.6874,0.6587,0.6825,66450789.0
2022-02-07,0.6825,0.8391,0.6714,0.8311,355476128.0
2022-02-08,0.8311,0.9143,0.8028,0.8757,665228191.0
2022-02-09,0.8757,0.9176,0.8432,0.8692,398888045.0
2022-02-10,0.8692,0.8991,0.8186,0.8248,346307785.0
2022-02-11,0.8248,0.8346,0.75,0.7592,292324086.0
2022-02-12,0.7592,0.853,0.746,0.8225,391713744.0
2022-02-13,0.8225,0.8468,0.7858,0.8056,291463718.0
2022-02-14,0.8056,0.8129,0.7789,0.8004,252871369.0
2022-02-15,0.8004,0.8596,0.7958,0.8516,205246307.0
2022-02-16,0.8516,0.853,0.8045,0.8368,189479692.0
2022-02-17,0.8368,0.8445,0.7518,0.7678,285363417.0
2022-02-18,0.7678,0.8045,0.7529,0.7843,290202156.0
2022-02-19,0.7843,0.8539,0.7691,0.8214,436499363.0
2022-02-20,0.8214,0.8229,0.7635,0.7768,393648802.0
2022-02-21,0.7768,0.8014,0.694,0.7013,473253387.0
2022-02-22,0.7013,0.726,0.6671,0.7206,412555326.0
2022-02-23,0.7206,0.7438,0.6921,0.6963,333038718.0
2022-02-24,0.6963,0.723,0.621,0.6957,712663403.0
2022-02-25,0.6957,0.781,0.6821,0.7697,337694360.0
2022-02-26,0.7697,0.822,0.7392,0.7505,323708760.0
2022-02-27,0.7505,0.767,0.703,0.7211,354563110.0
2022-02-28,0.7211,0.7943,0.7072,0.7813,316102931.0
2022-03-01,0.7813,0.8039,0.7564,0.784,278439622.0
2022-03-02,0.784,0.7844,0.7564,0.7688,225751229.0
2022-03-03,0.7688,0.7889,0.7327,0.7514,228515483.0
2022-03-04,0.7514,0.7535,0.6924,0.7119,240910564.0
2022-03-05,0.7119,0.7686,0.7042,0.7536,239677848.0
2022-03-06,0.7536,0.7587,0.7201,0.7246,216208070.0
2022-03-07,0.7246,0.7544,0.7023,0.7199,299075794.0
2022-03-08,0.7199,0.7321,0.7135,0.7208,151777215.0
2022-03-09,0.7208,0.7748,0.72,0.7654,207684017.0
2022-03-10,0.7654,0.7786,0.7181,0.7364,243502308.0
2022-03-11,0.7364,0.8139,0.725,0.8018,390615493.0
2022-03-12,0.8018,0.8486,0.7774,0.7854,702637872.0
2022-03-13,0.7854,0.8046,0.7481,0.7599,295551358.0
2022-03-14,0.7599,0.7777,0.7432,0.7742,285077190.0
2022-03-15,0.7742,0.7764,0.7407,0.7654,183832224.0
2022-03-16,0.7654,0.7943,0.7563,0.7919,250536812.0
2022-03-17,0.7919,0.802,0.7829,0.7932,145467330.0
2022-03-18,0.7932,0.8003,0.7761,0.7963,123741161.0
2022-03-19,0.7963,0.8265,0.7912,0.8192,176157664.0
2022-03-20,0.8192,0.8219,0.7916,0.8054,107582562.0
2022-03-21,0.8054,0.8547,0.7865,0.8373,193577542.0
2022-03-22,0.8373,0.8655,0.8272,0.837,177540338.0
2022-03-23,0.837,0.8467,0.8171,0.8382,139073421.0
2022-03-24,0.8382,0.85,0.8274,0.8431,139904900.0
2022-03-25,0.8431,0.8465,0.8193,0.8245,115478741.0
2022-03-26,0.8245,0.8351,0.821,0.8329,64675989.0
2022-03-27,0.8329,0.858,0.8279,0.858,136918299.0
2022-03-28,0.858,0.913,0.8507,0.8645,283271779.0
2022-03-29,0.8645,0.8863,0.8413,0.8583,162210170.0
2022-03-30,0.8583,0.8729,0.8453,0.862,134018068.0
2022-03-31,0.862,0.8745,0.7478,0.8146,341528701.0
2022-04-01,0.8146,0.8345,0.8065,0.8275,152084110.0
2022-04-02,0.8275,0.8503,0.8176,0.824,126808880.0
2022-04-03,0.824,0.852,0.8133,0.843,91650548.0
2022-04-04,0.843,0.8434,0.8013,0.8268,128675437.0
2022-04-05,0.8268,0.8371,0.815,0.8169,91483127.0
2022-04-06,0.8169,0.8183,0.756,0.7591,228902761.0
2022-04-07,0.7591,0.7908,0.7515,0.787,100277923.0
2022-04-08,0.787,0.7934,0.7457,0.7547,110891996.0
2022-04-09,0.7547,0.7667,0.7524,0.7622,65694929.0
2022-04-10,0.7622,0.773,0.7516,0.754,86940609.0
2022-04-11,0.754,0.7556,0.6789,0.6946,244721624.0
2022-04-12,0.6946,0.7258,0.6919,0.7146,149878086.0
2022-04-13,0.7146,0.7248,0.701,0.7229,120477098.0
2022-04-14,0.7229,0.7408,0.7074,0.726,156024681.0
2022-04-15,0.726,0.7976,0.7259,0.7852,540346491.0
2022-04-16,0.7852,0.7995,0.7655,0.7801,235741334.0
2022-04-17,0.7801,0.7862,0.7454,0.7515,192060207.0
2022-04-18,0.7515,0.7693,0.7264,0.7693,242347396.0
2022-04-19,0.7693,0.783,0.7585,0.7744,148868013.0
2022-04-20,0.7744,0.7749,0.7416,0.7514,157786022.0
2022-04-21,0.7514,0.7695,0.7161,0.7322,216995867.0
2022-04-22,0.7322,0.7384,0.7136,0.7179,147199482.0
2022-04-23,0.7179,0.7269,0.7005,0.7052,83684851.0
2022-04-24,0.7052,0.7115,0.6942,0.6981,104136303.0
2022-04-25,0.6981,0.7001,0.6443,0.693,312032049.0
2022-04-26,0.693,0.707,0.6252,0.6416,276729485.0
2022-04-27,0.6416,0.6629,0.6352,0.652,196737176.0
2022-04-28,0.652,0.6571,0.6325,0.6425,180564053.0
2022-04-29,0.6425,0.6463,0.5985,0.6112,207877238.0
2022-04-30,0.6112,0.6287,0.563,0.5839,275718590.0
2022-05-01,0.5839,0.6128,0.5752,0.6067,207401074.0
2022-05-02,0.6067,0.6314,0.5976,0.614,280673508.0
2022-05-03,0.614,0.6276,0.5957,0.6044,163115636.0
2022-05-04,0.6044,0.65,0.6036,0.6459,217005525.0
2022-05-05,0.6459,0.6569,0.5789,0.5977,397639634.0
2022-05-06,0.5977,0.6158,0.5866,0.602,284229958.0
2022-05-07,0.602,0.6039,0.5681,0.5805,157717077.0
2022-05-08,0.5805,0.5828,0.5559,0.5658,214893423.0
2022-05-09,0.5658,0.5789,0.4686,0.4872,599997269.0
2022-05-10,0.4872,0.5367,0.4718,0.5129,457580058.0
2022-05-11,0.5129,0.5229,0.3643,0.4163,977935758.0
2022-05-12,0.4163,0.4285,0.3354,0.3851,717374447.0
2022-05-13,0.3851,0.4655,0.3809,0.4223,382866919.0
2022-05-14,0.4223,0.4404,0.395,0.4258,245419575.0
2022-05-15,0.4258,0.453,0.4145,0.4478,170514858.0
2022-05-16,0.4478,0.4479,0.4081,0.4226,245253381.0
2022-05-17,0.4226,0.4398,0.4166,0.4371,170652415.0
2022-05-18,0.4371,0.4424,0.4032,0.4048,192352957.0
2022-05-19,0.4048,0.4238,0.3894,0.4202,215301635.0
2022-05-20,0.4202,0.4406,0.4014,0.41,236767999.0
2022-05-21,0.41,0.4178,0.4028,0.4144,94035526.0
2022-05-22,0.4144,0.4251,0.4097,0.4217,109923985.0
2022-05-23,0.4217,0.4284,0.3999,0.4048,174678459.0
2022-05-24,0.4048,0.4135,0.3901,0.4083,161960013.0
2022-05-25,0.4083,0.4143,0.3945,0.4057,166672279.0
2022-05-26,0.4057,0.4106,0.3739,0.3921,310890352.0
2022-05-27,0.3921,0.403,0.3761,0.3817,271871458.0
2022-05-28,0.3817,0.3885,0.3803,0.386,110520272.0
2022-05-29,0.386,0.3906,0.3791,0.3889,103127326.0
2022-05-30,0.3889,0.4195,0.3865,0.4184,206122418.0
2022-05-31,0.4184,0.434,0.4064,0.4211,221103645.0
2022-06-01,0.4211,0.4263,0.388,0.3978,210472125.0
2022-06-02,0.3978,0.4068,0.3904,0.405,128641647.0
2022-06-03,0.405,0.4102,0.3837,0.3903,169396997.0
2022-06-04,0.3903,0.3944,0.3842,0.3924,95781738.0
2022-06-05,0.3924,0.3996,0.3892,0.3952,118863590.0
2022-06-06,0.3952,0.4093,0.3939,0.4024,206193419.0
2022-06-07,0.4024,0.4171,0.3842,0.4073,313456949.0
2022-06-08,0.4073,0.41,0.3946,0.4001,152920063.0
2022-06-09,0.4001,0.404,0.3963,0.3999,114008876.0
2022-06-10,0.3999,0.4114,0.3753,0.3813,254193469.0
2022-06-11,0.3813,0.3884,0.3553,0.3594,267175794.0
2022-06-12,0.3594,0.3651,0.3391,0.3431,308047925.0
2022-06-13,0.3431,0.3505,0.3007,0.3116,735741699.0
2022-06-14,0.3116,0.3265,0.2932,0.321,533405993.0
2022-06-15,0.321,0.3469,0.2969,0.3433,606940566.0
2022-06-16,0.3433,0.3474,0.3069,0.3128,235525044.0
2022-06-17,0.3128,0.34,0.3101,0.321,273565286.0
2022-06-18,0.321,0.3264,0.2867,0.3073,401519855.0
2022-06-19,0.3073,0.3333,0.298,0.3261,357298564.0
2022-06-20,0.3261,0.3289,0.3132,0.3223,173587779.0
2022-06-21,0.3223,0.3372,0.3183,0.3289,156332672.0
2022-06-22,0.3289,0.3295,0.3188,0.322,160843337.0
2022-06-23,0.322,0.3366,0.3211,0.3353,176356616.0
2022-06-24,0.3353,0.3869,0.3346,0.3669,534620213.0
2022-06-25,0.3669,0.3742,0.3536,0.3675,190176828.0
2022-06-26,0.3675,0.375,0.3572,0.359,159243458.0
2022-06-27,0.359,0.3668,0.3472,0.3534,183533359.0
2022-06-28,0.3534,0.3553,0.3348,0.3372,211019882.0
2022-06-29,0.3372,0.3414,0.3201,0.3292,225543265.0
2022-06-30,0.3292,0.3329,0.3054,0.3321,353349478.0
2022-07-01,0.3321,0.3362,0.3096,0.3138,266449665.0
2022-07-02,0.3138,0.3179,0.309,0.3154,129061886.0
2022-07-03,0.3154,0.3255,0.3079,0.3215,149616495.0
2022-07-04,0.3215,0.3297,0.3142,0.3283,199696820.0
2022-07-05,0.3283,0.3308,0.3123,0.3251,219404827.0
2022-07-06,0.3251,0.3337,0.3196,0.332,159186433.0
2022-07-07,0.332,0.3453,0.3266,0.3419,135133526.0
2022-07-08,0.3419,0.359,0.3356,0.34,293307009.0
2022-07-09,0.34,0.3476,0.3391,0.3445,113489689.0
2022-07-10,0.3445,0.3446,0.3192,0.3252,212480069.0
2022-07-11,0.3252,0.329,0.3104,0.3149,215880639.0
2022-07-12,0.3149,0.3179,0.3074,0.3113,141506369.0
2022-07-13,0.3113,0.3258,0.3011,0.3235,238980604.0
2022-07-14,0.3235,0.3337,0.3122,0.3334,161964772.0
2022-07-15,0.3334,0.3489,0.3271,0.3338,282068148.0
2022-07-16,0.3338,0.356,0.331,0.3504,243775151.0
2022-07-17,0.3504,0.3617,0.3402,0.3432,219918816.0
2022-07-18,0.3432,0.3698,0.3429,0.3649,291055862.0
2022-07-19,0.3649,0.3766,0.3512,0.3725,259327671.0
2022-07-20,0.3725,0.3815,0.3567,0.3631,227504112.0
2022-07-21,0.3631,0.3681,0.3483,0.3664,160725272.0
2022-07-22,0.3664,0.3712,0.3539,0.3575,154475965.0
2022-07-23,0.3575,0.3626,0.3496,0.359,81923749.0
2022-07-24,0.359,0.3666,0.3559,0.3586,90546562.0
2022-07-25,0.3586,0.36,0.3346,0.3357,129358008.0
2022-07-26,0.3357,0.3381,0.3252,0.3368,141723258.0
2022-07-27,0.3368,0.3596,0.3302,0.3592,172133212.0
2022-07-28,0.3592,0.3791,0.3485,0.3733,205090079.0
2022-07-29,0.3733,0.3798,0.3593,0.3677,209852060.0
2022-07-30,0.3677,0.4102,0.3626,0.3879,372835899.0
2022-07-31,0.3879,0.3989,0.378,0.3791,214953984.0
2022-08-01,0.3791,0.3859,0.3707,0.3789,170208668.0
2022-08-02,0.3789,0.3944,0.3664,0.3713,238100584.0
2022-08-03,0.3713,0.3773,0.363,0.3694,122067300.0
2022-08-04,0.3694,0.375,0.3639,0.3708,113503441.0
2022-08-05,0.3708,0.3786,0.3671,0.3762,135166553.0
2022-08-06,0.3762,0.3779,0.3701,0.3711,62724276.0
2022-08-07,0.3711,0.3769,0.3679,0.3721,67927019.0
2022-08-08,0.3721,0.3844,0.3702,0.3785,157566209.0
2022-08-09,0.3785,0.3801,0.3602,0.3671,134863570.0
2022-08-10,0.3671,0.3812,0.3579,0.3811,187191580.0
2022-08-11,0.3811,0.3857,0.3766,0.38,154811514.0
2022-08-12,0.38,0.3804,0.3697,0.3794,98278386.0
2022-08-13,0.3794,0.3874,0.3762,0.3778,128733961.0
2022-08-14,0.3778,0.392,0.3734,0.3756,193201674.0
2022-08-15,0.3756,0.3849,0.3655,0.3748,188406836.0
2022-08-16,0.3748,0.3783,0.3662,0.3765,166496666.0
2022-08-17,0.3765,0.3919,0.3677,0.3792,289970271.0
2022-08-18,0.3792,0.3812,0.3684,0.3702,165753304.0
2022-08-19,0.3702,0.3704,0.3277,0.3342,410105313.0
2022-08-20,0.3342,0.3424,0.3318,0.3366,138662852.0
2022-08-21,0.3366,0.3481,0.3354,0.3445,160477643.0
2022-08-22,0.3445,0.345,0.3311,0.3436,180709409.0
2022-08-23,0.3436,0.3478,0.3323,0.3469,135912063.0
2022-08-24,0.3469,0.3523,0.3386,0.3453,131099444.0
2022-08-25,0.3453,0.352,0.3433,0.3486,118531559.0
2022-08-26,0.3486,0.3707,0.3322,0.339,515864712.0
2022-08-27,0.339,0.3447,0.3277,0.3344,191527693.0
2022-08-28,0.3344,0.3371,0.321,0.3221,153621906.0
2022-08-29,0.3221,0.3339,0.3183,0.3335,236361938.0
2022-08-30,0.3335,0.3356,0.3194,0.3265,199868791.0
2022-08-31,0.3265,0.3338,0.3229,0.3275,148072803.0
2022-09-01,0.3275,0.333,0.3212,0.3327,144171645.0
2022-09-02,0.3327,0.3351,0.3251,0.331,181906622.0
2022-09-03,0.331,0.3345,0.3262,0.3294,121604203.0
2022-09-04,0.3294,0.3325,0.3273,0.3315,101389840.0
2022-09-05,0.3315,0.3335,0.3223,0.3326,160767419.0
2022-09-06,0.3326,0.3428,0.3167,0.321,342831386.0
2022-09-07,0.321,0.3384,0.3115,0.3365,225675788.0
2022-09-08,0.3365,0.3431,0.3279,0.3391,213864336.0
2022-09-09,0.3391,0.3597,0.3391,0.3565,273525992.0
2022-09-10,0.3565,0.3619,0.3513,0.3571,170906029.0
2022-09-11,0.3571,0.3603,0.3476,0.3547,122512375.0
2022-09-12,0.3547,0.3597,0.3474,0.3595,137549848.0
2022-09-13,0.3595,0.3599,0.3305,0.3323,251965802.0
2022-09-14,0.3323,0.3441,0.3309,0.3412,132610129.0
2022-09-15,0.3412,0.3425,0.3239,0.3261,200619178.0
2022-09-16,0.3261,0.3581,0.3213,0.3551,279890406.0
2022-09-17,0.3551,0.3805,0.3461,0.3758,600932027.0
2022-09-18,0.3758,0.3975,0.3555,0.3576,1373886287.0
2022-09-19,0.3576,0.3929,0.34,0.3846,960458428.0
2022-09-20,0.3846,0.4242,0.3702,0.4134,1578741074.0
2022-09-21,0.4134,0.434,0.3802,0.3932,1562033451.0
2022-09-22,0.3932,0.5013,0.3931,0.4856,2226416314.0
2022-09-23,0.4856,0.5592,0.4561,0.5061,3476597187.0
2022-09-24,0.5061,0.5193,0.4714,0.4876,1635713419.0
2022-09-25,0.4876,0.5217,0.4754,0.4912,1587112918.0
2022-09-26,0.4912,0.5017,0.4572,0.468,1108113672.0
2022-09-27,0.468,0.4876,0.4333,0.4454,1073933413.0
2022-09-28,0.4454,0.4557,0.4166,0.4486,915115129.0
2022-09-29,0.4486,0.5101,0.4263,0.4872,1361652805.0
2022-09-30,0.4872,0.4988,0.4656,0.4796,1503888125.0
2022-10-01,0.4796,0.4863,0.4666,0.4752,730550718.0
2022-10-02,0.4752,0.4784,0.4428,0.4483,668501211.0
2022-10-03,0.4483,0.4691,0.437,0.4619,766372431.0
2022-10-04,0.4619,0.4857,0.4513,0.4792,945888186.0
2022-10-05,0.4792,0.5021,0.4715,0.4884,1185028338.0
2022-10-06,0.4884,0.506,0.488,0.4932,832401598.0
2022-10-07,0.4932,0.5348,0.4813,0.5175,1184644725.0
2022-10-08,0.5175,0.5288,0.511,0.5167,808782131.0
2022-10-09,0.5167,0.5511,0.5055,0.5327,868646451.0
2022-10-10,0.5327,0.5376,0.4922,0.4935,1229588179.0
2022-10-11,0.4935,0.5019,0.477,0.4858,1082252210.0
2022-10-12,0.4858,0.4957,0.4816,0.488,604490047.0
2022-10-13,0.488,0.4894,0.4386,0.4789,1532231022.0
2022-10-14,0.4789,0.5129,0.4778,0.4881,953092118.0
2022-10-15,0.4881,0.4899,0.4773,0.4817,332393876.0
2022-10-16,0.4817,0.4871,0.4678,0.4763,397220898.0
2022-10-17,0.4763,0.4822,0.4624,0.48,548143616.0
2022-10-18,0.48,0.4841,0.4567,0.4659,561066939.0
2022-10-19,0.4659,0.4666,0.4469,0.4503,587812893.0
2022-10-20,0.4503,0.4646,0.4198,0.4462,867259093.0
2022-10-21,0.4462,0.4614,0.4334,0.4609,613469364.0
2022-10-22,0.4609,0.4705,0.456,0.465,351249652.0
2022-10-23,0.465,0.4737,0.4518,0.4687,396685531.0
2022-10-24,0.4687,0.4727,0.447,0.4527,420269919.0
2022-10-25,0.4527,0.4727,0.4432,0.4603,566983758.0
2022-10-26,0.4603,0.4713,0.456,0.4686,453281396.0
2022-10-27,0.4686,0.4823,0.4579,0.4612,525938430.0
2022-10-28,0.4612,0.4752,0.4562,0.4741,301322033.0
2022-10-29,0.4741,0.4835,0.4657,0.47,341201892.0
2022-10-30,0.47,0.4731,0.4532,0.4578,242443595.0
2022-10-31,0.4578,0.4671,0.447,0.4641,331469877.0
2022-11-01,0.4641,0.4669,0.4541,0.4635,215663041.0
2022-11-02,0.4635,0.4657,0.4446,0.4496,348941977.0
2022-11-03,0.4496,0.4595,0.4486,0.4547,198000829.0
2022-11-04,0.4547,0.5074,0.4529,0.5061,666849224.0
2022-11-05,0.5061,0.51,0.4886,0.4927,308203318.0
2022-11-06,0.4927,0.4945,0.4675,0.4707,269367155.0
2022-11-07,0.4707,0.4799,0.4577,0.4645,335374645.0
2022-11-08,0.4645,0.4666,0.3305,0.4055,1472103826.0
2022-11-09,0.4055,0.4102,0.3117,0.3321,1017086316.0
2022-11-10,0.3321,0.4028,0.3291,0.394,610871772.0
2022-11-11,0.394,0.3988,0.3658,0.384,409709899.0
2022-11-12,0.384,0.3843,0.3591,0.3635,232373314.0
2022-11-13,0.3635,0.3693,0.3328,0.3408,306226178.0
2022-11-14,0.3408,0.3791,0.3212,0.3769,641063861.0
2022-11-15,0.3769,0.398,0.3666,0.3885,674890614.0
2022-11-16,0.3885,0.3913,0.3611,0.375,415826977.0
2022-11-17,0.375,0.3872,0.369,0.3818,398225264.0
2022-11-18,0.3818,0.3885,0.3738,0.3827,251350996.0
2022-11-19,0.3827,0.3884,0.3752,0.384,174264373.0
2022-11-20,0.384,0.3967,0.3584,0.361,478097746.0
2022-11-21,0.361,0.3683,0.3455,0.3642,580466949.0
2022-11-22,0.3642,0.3781,0.3512,0.3756,420483854.0
2022-11-23,0.3756,0.3823,0.3681,0.3813,338089408.0
2022-11-24,0.3813,0.4057,0.3741,0.4018,490784094.0
2022-11-25,0.4018,0.419,0.3887,0.4073,671660378.0
2022-11-26,0.4073,0.4144,0.392,0.3957,279977824.0
2022-11-27,0.3957,0.4095,0.3939,0.396,281241962.0
2022-11-28,0.396,0.3989,0.3728,0.3887,524272442.0
2022-11-29,0.3887,0.4036,0.3828,0.3977,359851937.0
2022-11-30,0.3977,0.4118,0.3925,0.4075,325872503.0
2022-12-01,0.4075,0.4089,0.3943,0.3966,233433225.0
2022-12-02,0.3966,0.3975,0.3832,0.3958,253459024.0
2022-12-03,0.3958,0.3969,0.385,0.387,200088453.0
2022-12-04,0.387,0.3929,0.3858,0.3894,148089685.0
2022-12-05,0.3894,0.3953,0.378,0.389,271740991.0
2022-12-06,0.389,0.3923,0.3806,0.3912,282691458.0
2022-12-07,0.3912,0.3923,0.3731,0.3828,272330750.0
2022-12-08,0.3828,0.3974,0.3821,0.3939,265396529.0
2022-12-09,0.3939,0.3948,0.3837,0.3886,234901841.0
2022-12-10,0.3886,0.3891,0.3851,0.3864,97249403.0
2022-12-11,0.3864,0.3882,0.3753,0.3808,145999426.0
2022-12-12,0.3808,0.3894,0.3699,0.387,312643224.0
2022-12-13,0.387,0.3966,0.3785,0.3948,444440831.0
2022-12-14,0.3948,0.3952,0.3769,0.385,386846959.0
2022-12-15,0.385,0.3865,0.3735,0.3779,263057903.0
2022-12-16,0.3779,0.3797,0.3436,0.3509,510319836.0
2022-12-17,0.3509,0.3571,0.3466,0.3543,244847932.0
2022-12-18,0.3543,0.3555,0.3473,0.3496,154915646.0
2022-12-19,0.3496,0.3528,0.3317,0.3386,476664482.0
2022-12-20,0.3386,0.3527,0.3357,0.3483,321857136.0
2022-12-21,0.3483,0.3503,0.3372,0.3448,265523427.0
2022-12-22,0.3448,0.3498,0.3413,0.3489,270544786.0
2022-12-23,0.3489,0.3549,0.3469,0.3541,231921924.0
2022-12-24,0.3541,0.3542,0.3508,0.3516,95795426.0
2022-12-25,0.3516,0.3518,0.3435,0.3459,193588792.0
2022-12-26,0.3459,0.3695,0.3455,0.3656,429671575.0
2022-12-27,0.3656,0.3727,0.3586,0.3675,698311232.0
2022-12-28,0.3675,0.3686,0.3545,0.3558,613404720.0
2022-12-29,0.3558,0.3577,0.3365,0.3421,598887197.0
2022-12-30,0.3421,0.3461,0.3337,0.345,426475713.0
2022-12-31,0.345,0.3452,0.3387,0.339,203004487.0
2023-01-01,0.339,0.3399,0.3353,0.3389,198385771.0
2023-01-02,0.3389,0.3551,0.2934,0.348,1075418175.0
2023-01-03,0.348,0.3518,0.3401,0.3435,480803745.0
2023-01-04,0.3435,0.3525,0.3419,0.347,416839086.0
2023-01-05,0.347,0.3485,0.3322,0.3378,344535917.0
2023-01-06,0.3378,0.3462,0.3311,0.3442,384192181.0
2023-01-07,0.3442,0.346,0.3412,0.3441,164423850.0
2023-01-08,0.3441,0.3467,0.3344,0.3448,315217522.0
2023-01-09,0.3448,0.3574,0.3408,0.3488,515400243.0
2023-01-10,0.3488,0.3539,0.3431,0.3509,255272139.0
2023-01-11,0.3509,0.3784,0.3475,0.3728,783748140.0
2023-01-12,0.3728,0.3819,0.3555,0.3747,678981980.0
2023-01-13,0.3747,0.3866,0.3676,0.3856,370341042.0
2023-01-14,0.3856,0.4094,0.3757,0.3954,764764014.0
2023-01-15,0.3954,0.3971,0.3794,0.3847,300524984.0
2023-01-16,0.3847,0.4063,0.377,0.3856,603093713.0
2023-01-17,0.3856,0.3987,0.3783,0.3868,352965707.0
2023-01-18,0.3868,0.3962,0.3661,0.3781,697815077.0
2023-01-19,0.3781,0.3966,0.3762,0.3929,422124849.0
2023-01-20,0.3929,0.414,0.386,0.4127,427407687.0
2023-01-21,0.4127,0.4165,0.3937,0.4032,588988971.0
2023-01-22,0.4032,0.4122,0.396,0.4004,284892442.0
2023-01-23,0.4004,0.4337,0.3996,0.4236,753866361.0
2023-01-24,0.4236,0.4314,0.4008,0.4077,525662273.0
2023-01-25,0.4077,0.4245,0.3967,0.417,382725037.0
2023-01-26,0.417,0.4178,0.4052,0.4096,294625736.0
2023-01-27,0.4096,0.4137,0.3988,0.4129,278130987.0
2023-01-28,0.4129,0.4168,0.4056,0.4081,148775811.0
2023-01-29,0.4081,0.4176,0.4066,0.4134,188756330.0
2023-01-30,0.4134,0.4222,0.384,0.3934,634481995.0
2023-01-31,0.3934,0.4111,0.3879,0.4059,326744389.0
2023-02-01,0.4059,0.4159,0.3964,0.4133,401367666.0
2023-02-02,0.4133,0.4196,0.4087,0.4107,323239464.0
2023-02-03,0.4107,0.4138,0.4054,0.4117,259893660.0
2023-02-04,0.4117,0.4209,0.4078,0.4109,175854420.0
2023-02-05,0.4109,0.4123,0.3938,0.3985,357778061.0
2023-02-06,0.3985,0.4038,0.3908,0.3923,239772810.0
2023-02-07,0.3923,0.4047,0.3903,0.4037,246004950.0
2023-02-08,0.4037,0.4061,0.3936,0.398,182310808.0
2023-02-09,0.398,0.4091,0.372,0.3816,611940990.0
2023-02-10,0.3816,0.3876,0.3768,0.3817,250126372.0
2023-02-11,0.3817,0.384,0.3795,0.3833,82363931.0
2023-02-12,0.3833,0.3848,0.3707,0.3747,143197654.0
2023-02-13,0.3747,0.3782,0.3608,0.3704,302231823.0
2023-02-14,0.3704,0.3836,0.3645,0.3819,299746394.0
2023-02-15,0.3819,0.4024,0.3765,0.4011,258060053.0
2023-02-16,0.4011,0.4049,0.3839,0.384,279222505.0
2023-02-17,0.384,0.4002,0.3807,0.395,273075027.0
2023-02-18,0.395,0.3978,0.3911,0.3942,130754569.0
2023-02-19,0.3942,0.3981,0.3844,0.3861,228438325.0
2023-02-20,0.3861,0.4092,0.3763,0.3988,403156367.0
2023-02-21,0.3988,0.4027,0.3873,0.3917,317264694.0
2023-02-22,0.3917,0.3977,0.3826,0.3953,341033277.0
2023-02-23,0.3953,0.3978,0.3852,0.3881,229721602.0
2023-02-24,0.3881,0.3906,0.3722,0.3782,269793688.0
2023-02-25,0.3782,0.3795,0.3686,0.3777,150249915.0
2023-02-26,0.3777,0.3807,0.3744,0.3779,90715249.0
2023-02-27,0.3779,0.3802,0.3709,0.3784,188878870.0
2023-02-28,0.3784,0.3825,0.372,0.3761,215008185.0
2023-03-01,0.3761,0.3848,0.3728,0.3836,181076349.0
2023-03-02,0.3836,0.3846,0.3737,0.3773,158976652.0
2023-03-03,0.3773,0.3804,0.3511,0.3771,351799478.0
2023-03-04,0.3771,0.3799,0.3677,0.3733,166202049.0
2023-03-05,0.3733,0.3775,0.3652,0.3667,139254148.0
2023-03-06,0.3667,0.3739,0.3588,0.3695,304502865.0
2023-03-07,0.3695,0.3841,0.367,0.3799,532450861.0
2023-03-08,0.3799,0.4019,0.3723,0.389,1106997684.0
2023-03-09,0.389,0.3977,0.3637,0.3706,985586913.0
2023-03-10,0.3706,0.3749,0.3566,0.3699,656828524.0
2023-03-11,0.3699,0.3739,0.3579,0.3637,314186518.0
2023-03-12,0.3637,0.3714,0.3469,0.3712,496716431.0
2023-03-13,0.3712,0.3797,0.3554,0.3722,533803940.0
2023-03-14,0.3722,0.3873,0.3648,0.3722,563659082.0
2023-03-15,0.3722,0.376,0.3558,0.3589,362465064.0
2023-03-16,0.3589,0.367,0.3561,0.3646,224563897.0
2023-03-17,0.3646,0.3826,0.3619,0.3798,401164263.0
2023-03-18,0.3798,0.3898,0.3689,0.3739,345971580.0
2023-03-19,0.3739,0.4003,0.3736,0.3859,578114760.0
2023-03-20,0.3859,0.3917,0.3704,0.3734,379556139.0
2023-03-21,0.3734,0.4926,0.3727,0.4694,2496404381.0
2023-03-22,0.4694,0.4749,0.408,0.4212,1723920973.0
2023-03-23,0.4212,0.4555,0.4114,0.4436,1059876778.0
2023-03-24,0.4436,0.4438,0.4133,0.4257,604030476.0
2023-03-25,0.4257,0.4649,0.422,0.4428,984776828.0
2023-03-26,0.4428,0.4631,0.4403,0.4478,526223015.0
2023-03-27,0.4478,0.4886,0.4424,0.4786,1425819974.0
2023-03-28,0.4786,0.5344,0.466,0.5144,1831655954.0
2023-03-29,0.5144,0.5857,0.5144,0.542,2229481111.0
2023-03-30,0.542,0.5579,0.5207,0.5319,1374757800.0
2023-03-31,0.5319,0.5487,0.5256,0.5376,854555645.0
2023-04-01,0.5376,0.5376,0.4967,0.5091,955739753.0
2023-04-02,0.5091,0.529,0.501,0.5181,784037128.0
2023-04-03,0.5181,0.5246,0.4807,0.4955,735857300.0
2023-04-04,0.4955,0.5075,0.4871,0.5024,428412368.0
2023-04-05,0.5024,0.5269,0.4981,0.5052,570747701.0
2023-04-06,0.5052,0.5097,0.4903,0.5029,404948546.0
2023-04-07,0.5029,0.5153,0.4967,0.5125,424525394.0
2023-04-08,0.5125,0.5128,0.5016,0.5047,219192774.0
2023-04-09,0.5047,0.5091,0.4973,0.5053,176843274.0
2023-04-10,0.5053,0.5196,0.4994,0.5172,247698658.0
2023-04-11,0.5172,0.5282,0.5106,0.5164,379407488.0
2023-04-12,0.5164,0.5176,0.4963,0.5046,385426802.0
2023-04-13,0.5046,0.5158,0.5014,0.5123,248379171.0
2023-04-14,0.5123,0.5469,0.5111,0.5227,645825500.0
2023-04-15,0.5227,0.5264,0.5164,0.5195,211109562.0
2023-04-16,0.5195,0.5248,0.5156,0.521,167015038.0
2023-04-17,0.521,0.5211,0.5063,0.5109,269590091.0
2023-04-18,0.5109,0.5394,0.5091,0.5328,333746485.0
2023-04-19,0.5328,0.5379,0.463,0.491,833141949.0
2023-04-20,0.491,0.4992,0.4644,0.4748,411211991.0
2023-04-21,0.4748,0.4788,0.4399,0.4487,535749289.0
2023-04-22,0.4487,0.4758,0.4453,0.4718,399989773.0
2023-04-23,0.4718,0.4719,0.4518,0.4646,380238066.0
2023-04-24,0.4646,0.4855,0.4467,0.4608,546618040.0
2023-04-25,0.4608,0.472,0.4506,0.4692,336309300.0
2023-04-26,0.4692,0.4829,0.4294,0.4613,748962225.0
2023-04-27,0.4613,0.4697,0.4547,0.4661,337435959.0
2023-04-28,0.4661,0.4832,0.4633,0.4794,388016494.0
2023-04-29,0.4794,0.4869,0.4705,0.4778,232556646.0
2023-04-30,0.4778,0.4819,0.4683,0.4703,156440805.0
2023-05-01,0.4703,0.4723,0.4542,0.4645,268049422.0
2023-05-02,0.4645,0.466,0.4573,0.4642,255460431.0
2023-05-03,0.4642,0.4651,0.4491,0.4627,273117381.0
2023-05-04,0.4627,0.4647,0.4547,0.4605,139505422.0
2023-05-05,0.4605,0.4707,0.4536,0.4667,242791695.0
2023-05-06,0.4667,0.4691,0.451,0.4581,160616827.0
2023-05-07,0.4581,0.4598,0.445,0.4485,119130327.0
2023-05-08,0.4485,0.451,0.4077,0.428,516506045.0
2023-05-09,0.428,0.4303,0.4202,0.4284,177708358.0
2023-05-10,0.4284,0.4341,0.4106,0.43,373901474.0
2023-05-11,0.43,0.4303,0.4112,0.4204,237755996.0
2023-05-12,0.4204,0.4441,0.4153,0.4301,422521580.0
2023-05-13,0.4301,0.4303,0.4223,0.4239,71677646.0
2023-05-14,0.4239,0.4317,0.4203,0.4249,91790086.0
2023-05-15,0.4249,0.4299,0.4211,0.4271,144776773.0
2023-05-16,0.4271,0.4429,0.4178,0.4423,232776798.0
2023-05-17,0.4423,0.4611,0.4372,0.448,548999182.0
2023-05-18,0.448,0.4728,0.4426,0.4594,547708370.0
2023-05-19,0.4594,0.4758,0.4571,0.4671,362856196.0
2023-05-20,0.4671,0.4722,0.4616,0.4682,156733309.0
2023-05-21,0.4682,0.4705,0.4547,0.4573,205938638.0
2023-05-22,0.4573,0.4673,0.4492,0.4614,262554789.0
2023-05-23,0.4614,0.4671,0.4584,0.4649,193807354.0
2023-05-24,0.4649,0.465,0.4439,0.4526,287942881.0
2023-05-25,0.4526,0.4553,0.4427,0.4533,185921828.0
2023-05-26,0.4533,0.4698,0.452,0.4681,305906413.0
2023-05-27,0.4681,0.4792,0.4642,0.4713,250382965.0
2023-05-28,0.4713,0.4866,0.4696,0.4819,166922631.0
2023-05-29,0.4819,0.4953,0.4756,0.4941,327351627.0
2023-05-30,0.4941,0.5306,0.4893,0.5202,807918014.0
2023-05-31,0.5202,0.5276,0.5007,0.5168,592090879.0
2023-06-01,0.5168,0.5168,0.5013,0.5063,308403204.0
2023-06-02,0.5063,0.5269,0.5031,0.524,340635138.0
2023-06-03,0.524,0.5337,0.5142,0.5188,275361982.0
2023-06-04,0.5188,0.5471,0.5147,0.5356,384729842.0
2023-06-05,0.5356,0.5427,0.486,0.5086,949982608.0
2023-06-06,0.5086,0.5325,0.4953,0.5296,562209798.0
2023-06-07,0.5296,0.538,0.5067,0.5181,553246593.0
2023-06-08,0.5181,0.5278,0.5155,0.5235,306773306.0
2023-06-09,0.5235,0.5424,0.5203,0.5376,444566841.0
2023-06-10,0.5376,0.5387,0.4687,0.5064,881485583.0
2023-06-11,0.5064,0.5293,0.5022,0.5205,300426022.0
2023-06-12,0.5205,0.5279,0.508,0.5247,368737462.0
2023-06-13,0.5247,0.5656,0.5043,0.519,1119813829.0
2023-06-14,0.519,0.5201,0.4601,0.4798,792759889.0
2023-06-15,0.4798,0.4854,0.4667,0.4797,454032946.0
2023-06-16,0.4797,0.483,0.4544,0.4754,500929171.0
2023-06-17,0.4754,0.4867,0.4696,0.4793,260490087.0
2023-06-18,0.4793,0.4974,0.4734,0.4867,296930737.0
2023-06-19,0.4867,0.4979,0.4809,0.4934,258096474.0
2023-06-20,0.4934,0.4964,0.4705,0.4925,338311349.0
2023-06-21,0.4925,0.5031,0.4892,0.4999,396371546.0
2023-06-22,0.4999,0.5272,0.4793,0.4934,617425201.0
2023-06-23,0.4934,0.5022,0.4835,0.4959,360077439.0
2023-06-24,0.4959,0.4961,0.477,0.4865,229306015.0
2023-06-25,0.4865,0.4977,0.4828,0.4901,212942167.0
2023-06-26,0.4901,0.4918,0.4695,0.4788,290301213.0
2023-06-27,0.4788,0.4851,0.475,0.4836,166656594.0
2023-06-28,0.4836,0.4841,0.444,0.4645,416028492.0
2023-06-29,0.4645,0.4769,0.4613,0.4742,177380352.0
2023-06-30,0.4742,0.4827,0.4481,0.4731,491963057.0
2023-07-01,0.4731,0.4761,0.4641,0.4733,159651090.0
2023-07-02,0.4733,0.4956,0.4695,0.4844,474759909.0
2023-07-03,0.4844,0.4914,0.4784,0.4891,285876511.0
2023-07-04,0.4891,0.4934,0.4813,0.4871,248402699.0
2023-07-05,0.4871,0.4919,0.4684,0.4773,300560416.0
2023-07-06,0.4773,0.484,0.4612,0.4621,279215404.0
2023-07-07,0.4621,0.4706,0.4572,0.4683,171842973.0
2023-07-08,0.4683,0.4746,0.4647,0.4702,108600975.0
2023-07-09,0.4702,0.4716,0.4662,0.4681,84288840.0
2023-07-10,0.4681,0.4797,0.4618,0.4776,238994424.0
2023-07-11,0.4776,0.4782,0.4706,0.475,132315667.0
2023-07-12,0.475,0.477,0.4645,0.4708,181913829.0
2023-07-13,0.4708,0.95,0.4694,0.8157,5357374925.0
2023-07-14,0.8157,0.8264,0.667,0.7181,2692784224.0
2023-07-15,0.7181,0.7369,0.6918,0.7146,1142966305.0
2023-07-16,0.7146,0.7909,0.7009,0.7465,1456855417.0
2023-07-17,0.7465,0.7667,0.7117,0.7374,997491491.0
2023-07-18,0.7374,0.7848,0.7304,0.7775,900376041.0
2023-07-19,0.7775,0.854,0.768,0.8195,1609722429.0
2023-07-20,0.8195,0.8486,0.771,0.7941,1141175321.0
2023-07-21,0.7941,0.7984,0.7589,0.7708,700039552.0
2023-07-22,0.7708,0.7801,0.7155,0.7328,630846361.0
2023-07-23,0.7328,0.7515,0.7133,0.7378,494715210.0
2023-07-24,0.7378,0.7424,0.6756,0.7017,906706427.0
2023-07-25,0.7017,0.7159,0.6736,0.7086,620077520.0
2023-07-26,0.7086,0.7309,0.6917,0.7158,675581043.0
2023-07-27,0.7158,0.7327,0.7043,0.7135,497455120.0
2023-07-28,0.7135,0.7187,0.7,0.7114,285642548.0
2023-07-29,0.7114,0.7157,0.703,0.7121,159559637.0
2023-07-30,0.7121,0.7361,0.6805,0.7045,472530298.0
2023-07-31,0.7045,0.72,0.684,0.6973,518389839.0
2023-08-01,0.6973,0.7081,0.669,0.7067,511623479.0
2023-08-02,0.7067,0.708,0.6755,0.6849,377759205.0
2023-08-03,0.6849,0.6871,0.6541,0.6628,467816864.0
2023-08-04,0.6628,0.6678,0.6233,0.6355,550456490.0
2023-08-05,0.6355,0.6357,0.6101,0.6286,495907001.0
2023-08-06,0.6286,0.6388,0.6212,0.624,277644208.0
2023-08-07,0.624,0.63,0.5939,0.6234,563951532.0
2023-08-08,0.6234,0.6486,0.614,0.6416,482184161.0
2023-08-09,0.6416,0.6658,0.6307,0.6431,753164281.0
2023-08-10,0.6431,0.6445,0.6237,0.633,419167975.0
2023-08-11,0.633,0.6417,0.6254,0.6316,233522969.0
2023-08-12,0.6316,0.6333,0.6207,0.6274,115078798.0
2023-08-13,0.6274,0.6385,0.6232,0.6255,154842057.0
2023-08-14,0.6255,0.6367,0.6238,0.6339,185226802.0
2023-08-15,0.6339,0.6346,0.5729,0.6103,478511920.0
2023-08-16,0.6103,0.6168,0.5695,0.5887,662944772.0
2023-08-17,0.5887,0.5948,0.3869,0.506,1329358685.0
2023-08-18,0.506,0.523,0.4821,0.5058,1000333451.0
2023-08-19,0.5058,0.5252,0.5004,0.5199,374302490.0
2023-08-20,0.5199,0.5582,0.5158,0.5382,667812975.0
2023-08-21,0.5382,0.5395,0.5009,0.524,640353944.0
2023-08-22,0.524,0.5254,0.5021,0.5207,529121549.0
2023-08-23,0.5207,0.5367,0.5152,0.5296,357626847.0
2023-08-24,0.5296,0.5316,0.5103,0.5184,274744820.0
2023-08-25,0.5184,0.5317,0.5075,0.5254,387693332.0
2023-08-26,0.5254,0.5281,0.5177,0.523,141124040.0
2023-08-27,0.523,0.5302,0.5161,0.5234,189908939.0
2023-08-28,0.5234,0.5246,0.5099,0.5229,234280379.0
2023-08-29,0.5229,0.5498,0.5129,0.5394,616392300.0
2023-08-30,0.5394,0.5402,0.5211,0.5281,267185429.0
2023-08-31,0.5281,0.5286,0.4948,0.5108,414991340.0
2023-09-01,0.5108,0.5116,0.4862,0.4976,313407928.0
2023-09-02,0.4976,0.5024,0.4939,0.4988,122058113.0
2023-09-03,0.4988,0.5105,0.4969,0.5044,168118680.0
2023-09-04,0.5044,0.5129,0.4963,0.5083,218017532.0
2023-09-05,0.5083,0.5087,0.4988,0.5052,151670178.0
2023-09-06,0.5052,0.5055,0.4904,0.5029,228743084.0
2023-09-07,0.5029,0.5069,0.4964,0.5048,160544352.0
2023-09-08,0.5048,0.5074,0.4938,0.5046,168971619.0
2023-09-09,0.5046,0.5047,0.501,0.5035,64836765.0
2023-09-10,0.5035,0.5036,0.4919,0.4966,178836498.0
2023-09-11,0.4966,0.4979,0.4577,0.4741,619569570.0
2023-09-12,0.4741,0.4867,0.4698,0.48,356246370.0
2023-09-13,0.48,0.4896,0.4719,0.4829,312709294.0
2023-09-14,0.4829,0.4939,0.4798,0.489,177788518.0
2023-09-15,0.489,0.5085,0.4872,0.5002,281471675.0
2023-09-16,0.5002,0.5032,0.4964,0.4994,108959851.0
2023-09-17,0.4994,0.5,0.4886,0.4924,147595213.0
2023-09-18,0.4924,0.5074,0.4864,0.5026,279938929.0
2023-09-19,0.5026,0.5165,0.5001,0.5135,270387474.0
2023-09-20,0.5135,0.5252,0.5062,0.5207,386120955.0
2023-09-21,0.5207,0.5211,0.4998,0.5067,294299827.0
2023-09-22,0.5067,0.5167,0.5033,0.5119,216998511.0
2023-09-23,0.5119,0.5133,0.5052,0.5074,104133040.0
2023-09-24,0.5074,0.5115,0.4975,0.5019,139256587.0
2023-09-25,0.5019,0.5069,0.4911,0.5052,296617944.0
2023-09-26,0.5052,0.5072,0.4954,0.5016,233651975.0
2023-09-27,0.5016,0.5069,0.4967,0.4991,265888150.0
2023-09-28,0.4991,0.5099,0.4948,0.5093,270377577.0
2023-09-29,0.5093,0.5495,0.5058,0.5211,970970444.0
2023-09-30,0.5211,0.5215,0.5126,0.5146,244126885.0
2023-10-01,0.5146,0.5258,0.5133,0.5238,251416405.0
2023-10-02,0.5238,0.5266,0.5035,0.5119,392469849.0
2023-10-03,0.5119,0.5479,0.5046,0.5385,563555647.0
2023-10-04,0.5385,0.5424,0.5183,0.5322,778202741.0
2023-10-05,0.5322,0.5322,0.5151,0.5223,357286130.0
2023-10-06,0.5223,0.5298,0.5167,0.5249,225811541.0
2023-10-07,0.5249,0.5253,0.5193,0.5215,94940757.0
2023-10-08,0.5215,0.5233,0.5151,0.5173,109719575.0
2023-10-09,0.5173,0.5199,0.483,0.5023,469042810.0
2023-10-10,0.5023,0.5024,0.4915,0.4963,235667320.0
2023-10-11,0.4963,0.4976,0.4784,0.4885,332654392.0
2023-10-12,0.4885,0.4885,0.4725,0.483,286280390.0
2023-10-13,0.483,0.4904,0.4785,0.4848,219583290.0
2023-10-14,0.4848,0.4881,0.4832,0.4862,83603750.0
2023-10-15,0.4862,0.4902,0.4847,0.487,110227504.0
2023-10-16,0.487,0.5112,0.4834,0.4974,468094955.0
2023-10-17,0.4974,0.4976,0.4834,0.4908,231134645.0
2023-10-18,0.4908,0.4922,0.4848,0.4876,179219074.0
2023-10-19,0.4876,0.5244,0.4758,0.5195,724957865.0
2023-10-20,0.5195,0.531,0.5082,0.5145,644637462.0
2023-10-21,0.5145,0.5328,0.5104,0.5206,284235124.0
2023-10-22,0.5206,0.524,0.5112,0.5223,232981873.0
2023-10-23,0.5223,0.5536,0.5195,0.5473,753022469.0
2023-10-24,0.5473,0.5871,0.5318,0.5585,1284091812.0
2023-10-25,0.5585,0.5647,0.5401,0.5555,467226579.0
2023-10-26,0.5555,0.5701,0.5415,0.5538,469789801.0
2023-10-27,0.5538,0.5592,0.5317,0.5431,337608887.0
2023-10-28,0.5431,0.5506,0.5409,0.5449,125949685.0
2023-10-29,0.5449,0.5617,0.5406,0.5563,210262321.0
2023-10-30,0.5563,0.5848,0.5494,0.5785,503515765.0
2023-10-31,0.5785,0.6246,0.5627,0.5997,896290187.0
2023-11-01,0.5997,0.6174,0.5803,0.609,662330573.0
2023-11-02,0.609,0.6271,0.5862,0.6058,650769657.0
2023-11-03,0.6058,0.6155,0.5916,0.6124,467725619.0
2023-11-04,0.6124,0.6187,0.6081,0.6156,189181854.0
2023-11-05,0.6156,0.6636,0.6143,0.6612,804142783.0
2023-11-06,0.6612,0.7339,0.659,0.7152,1340540125.0
2023-11-07,0.7152,0.7159,0.6456,0.6854,1198813215.0
2023-11-08,0.6854,0.7002,0.6726,0.6879,647993039.0
2023-11-09,0.6879,0.7079,0.5889,0.6675,1306976749.0
2023-11-10,0.6675,0.672,0.6355,0.66,510210931.0
2023-11-11,0.66,0.6889,0.6401,0.6633,468258976.0
2023-11-12,0.6633,0.6718,0.6456,0.6616,231013014.0
2023-11-13,0.6616,0.755,0.6394,0.6704,1217974124.0
2023-11-14,0.6704,0.673,0.5821,0.6295,695177411.0
2023-11-15,0.6295,0.6512,0.6251,0.6487,320808456.0
2023-11-16,0.6487,0.6539,0.603,0.6121,499371694.0
2023-11-17,0.6121,0.6245,0.5857,0.6135,345977417.0
2023-11-18,0.6135,0.6146,0.5891,0.6109,189470198.0
2023-11-19,0.6109,0.6291,0.6013,0.6263,248402830.0
2023-11-20,0.6263,0.629,0.6057,0.6124,278529432.0
2023-11-21,0.6124,0.6181,0.5723,0.5786,540198373.0
2023-11-22,0.5786,0.6164,0.5774,0.611,270071068.0
2023-11-23,0.611,0.6243,0.606,0.6209,295651694.0
2023-11-24,0.6209,0.6264,0.6155,0.6214,269630237.0
2023-11-25,0.6214,0.6247,0.6159,0.623,108037822.0
2023-11-26,0.623,0.6384,0.6055,0.6162,340997857.0
2023-11-27,0.6162,0.6173,0.5937,0.6042,292176685.0
2023-11-28,0.6042,0.6141,0.5955,0.6107,239281178.0
2023-11-29,0.6107,0.6188,0.6039,0.6093,194806814.0
2023-11-30,0.6093,0.6103,0.5973,0.6066,207468641.0
2023-12-01,0.6066,0.6147,0.6033,0.6129,164603164.0
2023-12-02,0.6129,0.6236,0.6115,0.621,136030004.0
2023-12-03,0.621,0.6348,0.6171,0.6235,231272001.0
2023-12-04,0.6235,0.6452,0.5556,0.6251,531218403.0
2023-12-05,0.6251,0.6313,0.6072,0.622,320120782.0
2023-12-06,0.622,0.6443,0.6097,0.6403,475314970.0
2023-12-07,0.6403,0.6554,0.6215,0.644,468264901.0
2023-12-08,0.644,0.6764,0.6374,0.6729,424117051.0
2023-12-09,0.6729,0.702,0.6517,0.659,659820796.0
2023-12-10,0.659,0.6719,0.6473,0.6625,262186555.0
2023-12-11,0.6625,0.6636,0.5783,0.619,676497379.0
2023-12-12,0.619,0.627,0.6069,0.6198,262684901.0
2023-12-13,0.6198,0.6355,0.5931,0.6278,352759764.0
2023-12-14,0.6278,0.6387,0.5971,0.6321,368872187.0
2023-12-15,0.6321,0.645,0.6119,0.6161,281313915.0
2023-12-16,0.6161,0.6264,0.6103,0.6208,105876902.0
2023-12-17,0.6208,0.6244,0.6082,0.6105,150820937.0
2023-12-18,0.6105,0.6146,0.578,0.6125,333937277.0
2023-12-19,0.6125,0.6173,0.5973,0.6049,176101913.0
2023-12-20,0.6049,0.6269,0.6011,0.6176,317112552.0
2023-12-21,0.6176,0.6257,0.6101,0.6246,184838469.0
2023-12-22,0.6246,0.6331,0.6155,0.6248,245408547.0
2023-12-23,0.6248,0.6254,0.6106,0.6201,122743592.0
2023-12-24,0.6201,0.63,0.6013,0.6127,235454643.0
2023-12-25,0.6127,0.6496,0.6083,0.6466,355564583.0
2023-12-26,0.6466,0.6473,0.5955,0.6225,459011705.0
2023-12-27,0.6225,0.6432,0.6129,0.635,278842641.0
2023-12-28,0.635,0.6593,0.6241,0.6354,469659699.0
2023-12-29,0.6354,0.637,0.6115,0.6234,294537006.0
2023-12-30,0.6234,0.6303,0.6161,0.6211,154834906.0
2023-12-31,0.6211,0.63,0.6029,0.6158,182687044.0
2024-01-01,0.6158,0.6317,0.6085,0.6301,138784803.0
2024-01-02,0.6301,0.6417,0.6216,0.6249,280702432.0
2024-01-03,0.6249,0.6402,0.4461,0.5822,1173567579.0
2024-01-04,0.5822,0.5942,0.5695,0.5869,320603872.0
2024-01-05,0.5869,0.5887,0.5413,0.5755,438731066.0
2024-01-06,0.5755,0.5756,0.5566,0.568,140295188.0
2024-01-07,0.568,0.5733,0.5452,0.5512,193601655.0
2024-01-08,0.5512,0.5818,0.5439,0.5776,502795209.0
2024-01-09,0.5776,0.5796,0.5501,0.5669,630319963.0
2024-01-10,0.5669,0.6153,0.5475,0.601,696405067.0
2024-01-11,0.601,0.6247,0.5857,0.6021,493454372.0
2024-01-12,0.6021,0.6038,0.5475,0.5699,414013457.0
2024-01-13,0.5699,0.5778,0.5627,0.5749,98266096.0
2024-01-14,0.5749,0.5935,0.5718,0.5765,186957170.0
2024-01-15,0.5765,0.5897,0.5677,0.5756,189573604.0
2024-01-16,0.5756,0.58,0.5658,0.576,181248251.0
2024-01-17,0.576,0.5765,0.5613,0.5688,172867560.0
2024-01-18,0.5688,0.5691,0.5412,0.552,217795779.0
2024-01-19,0.552,0.5539,0.5213,0.5443,298234021.0
2024-01-20,0.5443,0.5551,0.5389,0.5533,168850244.0
2024-01-21,0.5533,0.5555,0.5453,0.5465,103443898.0
2024-01-22,0.5465,0.5498,0.517,0.5275,334627260.0
2024-01-23,0.5275,0.5318,0.4958,0.518,383368319.0
2024-01-24,0.518,0.5194,0.5107,0.5178,157787158.0
2024-01-25,0.5178,0.5179,0.5034,0.5136,209490257.0
2024-01-26,0.5136,0.5368,0.5084,0.5318,236111569.0
2024-01-27,0.5318,0.5349,0.5261,0.53,82358775.0
2024-01-28,0.53,0.5352,0.5206,0.524,103112575.0
2024-01-29,0.524,0.5399,0.5187,0.5349,206766200.0
2024-01-30,0.5349,0.5391,0.5062,0.5106,366752555.0
2024-01-31,0.5106,0.5144,0.4831,0.5032,572563057.0
2024-02-01,0.5032,0.5105,0.49,0.5056,308559929.0
2024-02-02,0.5056,0.5146,0.4982,0.5102,213267985.0
2024-02-03,0.5102,0.5267,0.5058,0.5185,298461836.0
2024-02-04,0.5185,0.5191,0.4992,0.5028,185922298.0
2024-02-05,0.5028,0.5141,0.4964,0.5068,266598848.0
2024-02-06,0.5068,0.511,0.4976,0.5048,238767436.0
2024-02-07,0.5048,0.5153,0.4992,0.5135,239270441.0
2024-02-08,0.5135,0.5194,0.51,0.5145,278803827.0
2024-02-09,0.5145,0.5281,0.5137,0.526,282638249.0
2024-02-10,0.526,0.528,0.5181,0.5235,123962566.0
2024-02-11,0.5235,0.5363,0.5213,0.5262,207365108.0
2024-02-12,0.5262,0.5382,0.5141,0.5315,324220300.0
2024-02-13,0.5315,0.5342,0.5138,0.5252,347418107.0
2024-02-14,0.5252,0.5424,0.5204,0.5381,336628411.0
2024-02-15,0.5381,0.5773,0.5372,0.5624,628600540.0
2024-02-16,0.5624,0.5797,0.5521,0.5645,464977869.0
2024-02-17,0.5645,0.566,0.5392,0.5501,271225649.0
2024-02-18,0.5501,0.5632,0.5473,0.5575,205459752.0
2024-02-19,0.5575,0.5686,0.5538,0.5631,293287776.0
2024-02-20,0.5631,0.5759,0.5404,0.5629,639392452.0
2024-02-21,0.5629,0.5635,0.5328,0.5495,409719063.0
2024-02-22,0.5495,0.5523,0.5366,0.5413,279783136.0
2024-02-23,0.5413,0.5442,0.5252,0.5346,323463497.0
2024-02-24,0.5346,0.5485,0.5315,0.5454,165244672.0
2024-02-25,0.5454,0.5492,0.5422,0.5433,131072154.0
2024-02-26,0.5433,0.5536,0.5293,0.5511,374984613.0
2024-02-27,0.5511,0.5976,0.5478,0.5866,646720129.0
2024-02-28,0.5866,0.6074,0.5067,0.5757,1026295073.0
2024-02-29,0.5757,0.627,0.5674,0.587,1034675542.0
2024-03-01,0.587,0.6044,0.5828,0.6019,407664418.0
2024-03-02,0.6019,0.6516,0.6001,0.645,758029912.0
2024-03-03,0.645,0.6454,0.581,0.6273,562996660.0
2024-03-04,0.6273,0.6671,0.6132,0.6485,918516845.0
2024-03-05,0.6485,0.67,0.526,0.5916,1625397640.0
2024-03-06,0.5916,0.6245,0.5755,0.6125,679165527.0
2024-03-07,0.6125,0.6397,0.6066,0.6276,558716818.0
2024-03-08,0.6276,0.6347,0.5966,0.6205,479204779.0
2024-03-09,0.6205,0.6329,0.6161,0.6207,249615615.0
2024-03-10,0.6207,0.6287,0.5969,0.6089,328135689.0
2024-03-11,0.6089,0.7456,0.5805,0.7237,1719478789.0
2024-03-12,0.7237,0.7346,0.658,0.6887,1366563935.0
2024-03-13,0.6887,0.7035,0.6688,0.69,567898364.0
2024-03-14,0.69,0.7086,0.6379,0.6699,999502037.0
2024-03-15,0.6699,0.6768,0.5939,0.6349,1007212991.0
2024-03-16,0.6349,0.6481,0.5925,0.6034,588479290.0
2024-03-17,0.6034,0.6252,0.5865,0.6196,384528319.0
2024-03-18,0.6196,0.669,0.5944,0.6456,870100184.0
2024-03-19,0.6456,0.6494,0.5709,0.5847,1167218315.0
2024-03-20,0.5847,0.619,0.568,0.6113,780393632.0
2024-03-21,0.6113,0.6552,0.5973,0.6411,835315020.0
2024-03-22,0.6411,0.646,0.5988,0.6119,572976927.0
2024-03-23,0.6119,0.633,0.6032,0.617,259478709.0
2024-03-24,0.617,0.6363,0.6136,0.6333,273645560.0
2024-03-25,0.6333,0.6634,0.6267,0.6406,508374375.0
2024-03-26,0.6406,0.6534,0.6255,0.6325,425897252.0
2024-03-27,0.6325,0.6354,0.6058,0.6122,468456102.0
2024-03-28,0.6122,0.638,0.6037,0.6251,441475183.0
2024-03-29,0.6251,0.6465,0.6088,0.6307,584825642.0
2024-03-30,0.6307,0.6379,0.6181,0.6216,250925187.0
2024-03-31,0.6216,0.6309,0.6209,0.6298,125879578.0
2024-04-01,0.6298,0.6346,0.5948,0.6114,536089310.0
2024-04-02,0.6114,0.619,0.5796,0.5858,660209844.0
2024-04-03,0.5858,0.5935,0.5661,0.5746,396428208.0
2024-04-04,0.5746,0.6178,0.5626,0.5937,680661549.0
2024-04-05,0.5937,0.5945,0.5686,0.5875,389580014.0
2024-04-06,0.5875,0.5992,0.5857,0.5934,158846594.0
2024-04-07,0.5934,0.6034,0.5893,0.5949,161064394.0
2024-04-08,0.5949,0.6271,0.5882,0.6152,435582769.0
2024-04-09,0.6152,0.6439,0.6014,0.6144,744872818.0
2024-04-10,0.6144,0.6208,0.5916,0.6175,469766368.0
2024-04-11,0.6175,0.6218,0.6031,0.6091,281325939.0
2024-04-12,0.6091,0.6161,0.4801,0.5468,940555129.0
2024-04-13,0.5468,0.549,0.4046,0.4788,1621273147.0
2024-04-14,0.4788,0.5069,0.4634,0.5028,788480545.0
2024-04-15,0.5028,0.5185,0.4807,0.4972,687866805.0
2024-04-16,0.4972,0.5018,0.4752,0.4959,527742480.0
2024-04-17,0.4959,0.5078,0.4712,0.4948,549063821.0
2024-04-18,0.4948,0.5056,0.485,0.5022,327271982.0
2024-04-19,0.5022,0.5106,0.4661,0.5026,500443183.0
2024-04-20,0.5026,0.5299,0.4977,0.5285,294909673.0
2024-04-21,0.5285,0.5368,0.5177,0.5243,234738529.0
2024-04-22,0.5243,0.5715,0.5218,0.5556,460716593.0
2024-04-23,0.5556,0.5572,0.5412,0.5444,318446260.0
2024-04-24,0.5444,0.5517,0.5206,0.527,393477003.0
2024-04-25,0.527,0.5324,0.513,0.5251,263183170.0
2024-04-26,0.5251,0.5355,0.5138,0.5256,274573193.0
2024-04-27,0.5256,0.5263,0.5061,0.5177,202701001.0
2024-04-28,0.5177,0.5253,0.5082,0.5101,128935798.0
2024-04-29,0.5101,0.5174,0.4981,0.5148,264929802.0
2024-04-30,0.5148,0.5194,0.4874,0.5003,345775533.0
2024-05-01,0.5003,0.5213,0.4778,0.5173,464305468.0
2024-05-02,0.5173,0.5243,0.5065,0.5175,279233898.0
2024-05-03,0.5175,0.5363,0.5141,0.5313,231034398.0
2024-05-04,0.5313,0.5408,0.5267,0.5297,142451791.0
2024-05-05,0.5297,0.533,0.5236,0.5293,95733551.0
2024-05-06,0.5293,0.5699,0.5243,0.54,675988930.0
2024-05-07,0.54,0.5441,0.5215,0.5241,318035819.0
2024-05-08,0.5241,0.5296,0.515,0.5168,252491417.0
2024-05-09,0.5168,0.5234,0.5083,0.5207,218526792.0
2024-05-10,0.5207,0.5207,0.4964,0.5019,289716916.0
2024-05-11,0.5019,0.5079,0.5,0.5057,88021292.0
2024-05-12,0.5057,0.5085,0.4953,0.499,95894291.0
2024-05-13,0.499,0.5118,0.4862,0.505,319861956.0
2024-05-14,0.505,0.513,0.497,0.4999,254843421.0
2024-05-15,0.4999,0.5193,0.4954,0.5185,212698345.0
2024-05-16,0.5185,0.5225,0.512,0.5156,225378538.0
2024-05-17,0.5156,0.5289,0.5134,0.5231,181643995.0
2024-05-18,0.5231,0.5257,0.5184,0.521,99210437.0
2024-05-19,0.521,0.5236,0.5044,0.5093,132829586.0
2024-05-20,0.5093,0.5382,0.5061,0.5376,315371998.0
2024-05-21,0.5376,0.5572,0.5306,0.5374,391913431.0
2024-05-22,0.5374,0.5384,0.5225,0.5272,263420749.0
2024-05-23,0.5272,0.5493,0.4997,0.529,744304094.0
2024-05-24,0.529,0.5378,0.5167,0.5361,276849638.0
2024-05-25,0.5361,0.543,0.532,0.5419,167070112.0
2024-05-26,0.5419,0.5424,0.5256,0.5287,118094453.0
2024-05-27,0.5287,0.5414,0.5241,0.5344,216840767.0
2024-05-28,0.5344,0.5359,0.5213,0.5291,262026281.0
2024-05-29,0.5291,0.5335,0.52,0.5241,252392871.0
2024-05-30,0.5241,0.5286,0.5126,0.519,228860982.0
2024-05-31,0.519,0.5264,0.5118,0.5177,224127760.0
2024-06-01,0.5177,0.5223,0.5176,0.5189,67516492.0
2024-06-02,0.5189,0.521,0.5083,0.5139,138361002.0
2024-06-03,0.5139,0.5236,0.5119,0.52,175708085.0
2024-06-04,0.52,0.5307,0.5184,0.5259,226246759.0
2024-06-05,0.5259,0.5329,0.5225,0.5262,198469799.0
2024-06-06,0.5262,0.5285,0.5167,0.5217,182267703.0
2024-06-07,0.5217,0.5285,0.448,0.4991,696283136.0
2024-06-08,0.4991,0.501,0.4896,0.4927,141606476.0
2024-06-09,0.4927,0.4993,0.4909,0.4986,73838981.0
2024-06-10,0.4986,0.5059,0.493,0.497,227178943.0
2024-06-11,0.497,0.4971,0.469,0.4802,487220733.0
2024-06-12,0.4802,0.4978,0.4738,0.4914,361655513.0
2024-06-13,0.4914,0.4914,0.4751,0.4767,293746208.0
2024-06-14,0.4767,0.4812,0.4583,0.4743,372840582.0
2024-06-15,0.4743,0.5048,0.4738,0.4905,239220090.0
2024-06-16,0.4905,0.4993,0.4874,0.4889,241654233.0
2024-06-17,0.4889,0.5206,0.4834,0.5044,830764682.0
2024-06-18,0.5044,0.5094,0.4666,0.4907,853388251.0
2024-06-19,0.4907,0.4995,0.4865,0.493,269107047.0
2024-06-20,0.493,0.502,0.4879,0.4886,266088893.0
2024-06-21,0.4886,0.4956,0.4793,0.4888,288775520.0
2024-06-22,0.4888,0.4899,0.4839,0.4864,71592043.0
2024-06-23,0.4864,0.4889,0.4739,0.4797,110671227.0
2024-06-24,0.4797,0.4821,0.4612,0.4737,464143235.0
2024-06-25,0.4737,0.4799,0.4728,0.4754,208038505.0
2024-06-26,0.4754,0.4779,0.4643,0.4695,212839216.0
2024-06-27,0.4695,0.4769,0.4654,0.475,177883549.0
2024-06-28,0.475,0.4808,0.4686,0.4714,242740317.0
2024-06-29,0.4714,0.4766,0.4714,0.4724,64143453.0
2024-06-30,0.4724,0.4778,0.4698,0.4758,97837070.0
2024-07-01,0.4758,0.4847,0.475,0.4767,249309372.0
2024-07-02,0.4767,0.4887,0.4757,0.4851,225380707.0
2024-07-03,0.4851,0.4867,0.4608,0.4668,429843537.0
2024-07-04,0.4668,0.4695,0.431,0.4327,606981221.0
2024-07-05,0.4327,0.4332,0.3803,0.4248,962930514.0
2024-07-06,0.4248,0.4495,0.4231,0.4486,203267793.0
2024-07-07,0.4486,0.4487,0.4178,0.4193,263752860.0
2024-07-08,0.4193,0.4435,0.4028,0.4313,602111111.0
2024-07-09,0.4313,0.4379,0.4266,0.4354,227148033.0
2024-07-10,0.4354,0.4425,0.431,0.4384,267541877.0
2024-07-11,0.4384,0.4544,0.4359,0.4488,381047395.0
2024-07-12,0.4488,0.4778,0.4441,0.4741,770785804.0
2024-07-13,0.4741,0.566,0.4733,0.5254,2162780312.0
2024-07-14,0.5254,0.5398,0.5133,0.5201,919663470.0
2024-07-15,0.5201,0.5405,0.52,0.5369,659869890.0
2024-07-16,0.5369,0.5947,0.5319,0.579,1609867665.0
2024-07-17,0.579,0.6381,0.5781,0.6257,1694403524.0
2024-07-18,0.6257,0.6366,0.5559,0.5693,1453122757.0
2024-07-19,0.5693,0.5864,0.5395,0.573,1172215714.0
2024-07-20,0.573,0.6045,0.5704,0.5934,690557958.0
2024-07-21,0.5934,0.6078,0.5714,0.5984,833617809.0
2024-07-22,0.5984,0.6232,0.5852,0.6076,856728234.0
2024-07-23,0.6076,0.6167,0.5791,0.5972,839447646.0
2024-07-24,0.5972,0.6326,0.5911,0.6177,853809472.0
2024-07-25,0.6177,0.6261,0.5842,0.5991,1244271050.0
2024-07-26,0.5991,0.6091,0.5835,0.6029,576623767.0
2024-07-27,0.6029,0.6092,0.5824,0.5955,442884666.0
2024-07-28,0.5955,0.6139,0.5908,0.6006,356955148.0
2024-07-29,0.6006,0.6123,0.5915,0.6016,457993708.0
2024-07-30,0.6016,0.638,0.595,0.6273,1147923432.0
2024-07-31,0.6273,0.6584,0.6211,0.6228,1387181145.0
2024-08-01,0.6228,0.6301,0.5672,0.5962,1062604221.0
2024-08-02,0.5962,0.5967,0.5457,0.5602,911135006.0
2024-08-03,0.5602,0.5773,0.5401,0.5554,722620489.0
2024-08-04,0.5554,0.5587,0.5132,0.5225,615536303.0
2024-08-05,0.5225,0.5257,0.4314,0.4887,2364120561.0
2024-08-06,0.4887,0.5189,0.4874,0.5058,728732167.0
2024-08-07,0.5058,0.6444,0.4921,0.6,2217209672.0
2024-08-08,0.6,0.6423,0.5782,0.6163,1994431593.0
2024-08-09,0.6163,0.6243,0.567,0.5802,1116124310.0
2024-08-10,0.5802,0.6024,0.5775,0.5836,623785168.0
2024-08-11,0.5836,0.5932,0.5451,0.5528,631337706.0
2024-08-12,0.5528,0.5791,0.5498,0.5679,710973902.0
2024-08-13,0.5679,0.5832,0.5622,0.5764,591093367.0
2024-08-14,0.5764,0.5825,0.5634,0.5684,450694112.0
2024-08-15,0.5684,0.5739,0.5487,0.5606,460503433.0
2024-08-16,0.5606,0.5713,0.553,0.5634,410782525.0
2024-08-17,0.5634,0.5705,0.5606,0.5662,152413388.0
2024-08-18,0.5662,0.5841,0.5618,0.5627,320067960.0
2024-08-19,0.5627,0.6088,0.5602,0.5981,848128553.0
2024-08-20,0.5981,0.6148,0.5848,0.5934,550384095.0
2024-08-21,0.5934,0.6061,0.5847,0.5997,501832882.0
2024-08-22,0.5997,0.6041,0.5919,0.5974,365134080.0
2024-08-23,0.5974,0.6157,0.5903,0.6105,432194016.0
2024-08-24,0.6105,0.6308,0.6014,0.6122,480817806.0
2024-08-25,0.6122,0.6138,0.5943,0.5996,303937164.0
2024-08-26,0.5996,0.6017,0.5772,0.5872,478476406.0
2024-08-27,0.5872,0.6006,0.5519,0.5664,648294845.0
2024-08-28,0.5664,0.5842,0.5549,0.5688,503126628.0
2024-08-29,0.5688,0.5767,0.5567,0.5616,324926959.0
2024-08-30,0.5616,0.5676,0.5456,0.5664,402296890.0
2024-08-31,0.5664,0.5719,0.5618,0.5659,151691013.0
2024-09-01,0.5659,0.5665,0.543,0.5468,285448919.0
2024-09-02,0.5468,0.5686,0.5438,0.5674,238540152.0
2024-09-03,0.5674,0.5721,0.5562,0.557,246467186.0
2024-09-04,0.557,0.5645,0.5317,0.5577,391471646.0
2024-09-05,0.5577,0.5594,0.5396,0.544,274094589.0
2024-09-06,0.544,0.547,0.502,0.5206,662841926.0
2024-09-07,0.5206,0.5326,0.5193,0.5246,175969398.0
2024-09-08,0.5246,0.5313,0.5204,0.5291,145657952.0
2024-09-09,0.5291,0.5427,0.5264,0.5391,214689767.0
2024-09-10,0.5391,0.5426,0.5332,0.5405,189593258.0
2024-09-11,0.5405,0.5411,0.5226,0.5345,268813233.0
2024-09-12,0.5345,0.5881,0.5332,0.5621,913663353.0
2024-09-13,0.5621,0.5744,0.5553,0.5724,482859615.0
2024-09-14,0.5724,0.5991,0.57,0.5952,566115217.0
2024-09-15,0.5952,0.5954,0.568,0.5705,404848703.0
2024-09-16,0.5705,0.5916,0.5593,0.5863,620094729.0
2024-09-17,0.5863,0.593,0.5786,0.5835,356036246.0
2024-09-18,0.5835,0.5854,0.5616,0.585,430767370.0
2024-09-19,0.585,0.5943,0.5808,0.5865,413469155.0
2024-09-20,0.5865,0.5926,0.5756,0.5848,374500685.0
2024-09-21,0.5848,0.6127,0.5797,0.5973,352552563.0
2024-09-22,0.5973,0.6051,0.5773,0.5868,357595242.0
2024-09-23,0.5868,0.5955,0.5783,0.5845,278404104.0
2024-09-24,0.5845,0.5925,0.581,0.5907,259626647.0
2024-09-25,0.5907,0.5955,0.5821,0.5829,232233999.0
2024-09-26,0.5829,0.5961,0.5737,0.5902,321700866.0
2024-09-27,0.5902,0.5976,0.5822,0.5884,331091745.0
2024-09-28,0.5884,0.6259,0.5851,0.6136,1071742963.0
2024-09-29,0.6136,0.6662,0.6074,0.641,1146778888.0
2024-09-30,0.641,0.6547,0.6083,0.6112,866789939.0
2024-10-01,0.6112,0.634,0.5771,0.5965,1572334473.0
2024-10-02,0.5965,0.6072,0.5268,0.538,1136201321.0
2024-10-03,0.538,0.5442,0.5051,0.5214,1131520974.0
2024-10-04,0.5214,0.5388,0.5146,0.5337,480375020.0
2024-10-05,0.5337,0.535,0.5257,0.529,213638036.0
2024-10-06,0.529,0.537,0.5275,0.5334,192169541.0
2024-10-07,0.5334,0.5459,0.5276,0.5284,443565501.0
2024-10-08,0.5284,0.5367,0.5204,0.5308,338310958.0
2024-10-09,0.5308,0.5343,0.5207,0.5241,272339665.0
2024-10-10,0.5241,0.545,0.5224,0.5302,474382455.0
2024-10-11,0.5302,0.5417,0.5294,0.5387,289594007.0
2024-10-12,0.5387,0.5432,0.5344,0.5391,165913735.0
2024-10-13,0.5391,0.5393,0.5245,0.5316,227940262.0
2024-10-14,0.5316,0.5527,0.5278,0.5482,344332266.0
2024-10-15,0.5482,0.5554,0.5312,0.5414,540480462.0
2024-10-16,0.5414,0.5537,0.5371,0.5479,304090043.0
2024-10-17,0.5479,0.5666,0.5411,0.5441,431572776.0
2024-10-18,0.5441,0.553,0.5394,0.5465,296037114.0
2024-10-19,0.5465,0.5499,0.5398,0.5439,142907464.0
2024-10-20,0.5439,0.5487,0.5361,0.5481,176072052.0
2024-10-21,0.5481,0.561,0.5412,0.5448,431987312.0
2024-10-22,0.5448,0.5496,0.5286,0.5337,370559652.0
2024-10-23,0.5337,0.534,0.5116,0.5258,311830517.0
2024-10-24,0.5258,0.5338,0.524,0.5322,183984826.0
2024-10-25,0.5322,0.5323,0.4852,0.5018,539515048.0
2024-10-26,0.5018,0.5151,0.4986,0.5132,180819606.0
2024-10-27,0.5132,0.5177,0.5106,0.5166,117349102.0
2024-10-28,0.5166,0.5217,0.511,0.5191,242635891.0
2024-10-29,0.5191,0.531,0.5182,0.5285,261832982.0
2024-10-30,0.5285,0.5285,0.5193,0.5229,188611101.0
2024-10-31,0.5229,0.5239,0.5028,0.5095,282525320.0
2024-11-01,0.5095,0.5245,0.5023,0.5128,405678721.0
2024-11-02,0.5128,0.5159,0.5061,0.5103,132283917.0
2024-11-03,0.5103,0.511,0.4895,0.5028,394324124.0
2024-11-04,0.5028,0.5145,0.4953,0.5032,273691997.0
2024-11-05,0.5032,0.5188,0.5016,0.5137,288083454.0
2024-11-06,0.5137,0.5472,0.5137,0.542,636459697.0
2024-11-07,0.542,0.5785,0.5379,0.5557,585151534.0
2024-11-08,0.5557,0.5604,0.5415,0.5538,356696443.0
2024-11-09,0.5538,0.5622,0.5434,0.5595,329457008.0
2024-11-10,0.5595,0.6192,0.5558,0.5887,1352526520.0
2024-11-11,0.5887,0.6344,0.5704,0.6219,1100911775.0
2024-11-12,0.6219,0.74,0.5974,0.7048,3182293267.0
2024-11-13,0.7048,0.7488,0.6405,0.6904,2459601452.0
2024-11-14,0.6904,0.848,0.6826,0.7738,2763717552.0
2024-11-15,0.7738,0.9273,0.7703,0.8926,2959897385.0
2024-11-16,0.8926,1.271,0.878,1.1218,4864519985.0
2024-11-17,1.1218,1.161,1.0044,1.0551,2554487800.0
2024-11-18,1.0551,1.1882,1.0551,1.115,2052979146.0
2024-11-19,1.115,1.1495,1.0675,1.1014,1144845976.0
2024-11-20,1.1014,1.1522,1.056,1.1047,1292895256.0
2024-11-21,1.1047,1.2651,1.0782,1.2484,1972183178.0
2024-11-22,1.2484,1.5038,1.2482,1.4738,3597144746.0
2024-11-23,1.4738,1.6396,1.415,1.4703,2394931988.0
2024-11-24,1.4703,1.515,1.2749,1.4339,1880202303.0
2024-11-25,1.4339,1.5413,1.3544,1.4147,1848431333.0
2024-11-26,1.4147,1.4596,1.2842,1.3994,1597531495.0
2024-11-27,1.3994,1.5239,1.3534,1.4713,1241043253.0
2024-11-28,1.4713,1.5495,1.43,1.544,850482914.0
2024-11-29,1.544,1.8166,1.525,1.8021,1990226828.0
2024-11-30,1.8021,1.9603,1.766,1.9533,2134364621.0
2024-12-01,1.9533,2.3565,1.848,2.2968,2188614164.0
2024-12-02,2.2968,2.8786,2.2143,2.725,4946423760.0
2024-12-03,2.725,2.9138,2.2713,2.5146,3899500005.0
2024-12-04,2.5146,2.6862,2.2807,2.3599,1762796430.0
2024-12-05,2.3599,2.4964,2.1731,2.2472,1930131762.0
2024-12-06,2.2472,2.4658,2.2278,2.4276,1233518927.0
2024-12-07,2.4276,2.6243,2.3872,2.6121,1078166358.0
2024-12-08,2.6121,2.65,2.4859,2.6042,947909044.0
2024-12-09,2.6042,2.61,1.98,2.2131,1955973153.0
2024-12-10,2.2131,2.416,1.9,2.3694,2431864746.0
2024-12-11,2.3694,2.4711,2.2307,2.3949,1239790345.0
2024-12-12,2.3949,2.4861,2.3086,2.3386,1000319990.0
2024-12-13,2.3386,2.4799,2.2832,2.4234,878578730.0
2024-12-14,2.4234,2.5325,2.3545,2.401,750488797.0
2024-12-15,2.401,2.4749,2.3654,2.4479,547822173.0
2024-12-16,2.4479,2.5876,2.3281,2.4851,957569740.0
2024-12-17,2.4851,2.7299,2.4401,2.5661,1353707053.0
2024-12-18,2.5661,2.5918,2.232,2.3084,1491247117.0
2024-12-19,2.3084,2.4307,2.1572,2.2381,1578857600.0
2024-12-20,2.2381,2.3545,1.9594,2.2792,1593735013.0
2024-12-21,2.2792,2.386,2.1879,2.2374,797325589.0
2024-12-22,2.2374,2.2943,2.1566,2.202,584346845.0
2024-12-23,2.202,2.2783,2.1295,2.2606,754661745.0
2024-12-24,2.2606,2.3508,2.2125,2.3227,488029070.0
2024-12-25,2.3227,2.332,2.2601,2.2962,312027178.0
2024-12-26,2.2962,2.3162,2.1247,2.1545,488523538.0
2024-12-27,2.1545,2.2383,2.1125,2.1456,531488987.0
2024-12-28,2.1456,2.2082,2.1326,2.1834,237312106.0
2024-12-29,2.1834,2.1974,2.0682,2.0928,274580523.0
2024-12-30,2.0928,2.1508,1.993,2.058,738429671.0
2024-12-31,2.058,2.1493,2.012,2.0831,519752663.0
2025-01-01,2.0831,2.3556,2.0804,2.3318,820272615.0
2025-01-02,2.3318,2.4523,2.3285,2.402,762545523.0
2025-01-03,2.402,2.4804,2.3961,2.4535,612261141.0
2025-01-04,2.4535,2.51,2.3988,2.4194,432055036.0
2025-01-05,2.4194,2.4279,2.3267,2.3982,403523138.0
2025-01-06,2.3982,2.4589,2.3655,2.4193,447814044.0
2025-01-07,2.4193,2.4684,2.2557,2.2696,763382522.0
2025-01-08,2.2696,2.3986,2.197,2.372,936985485.0
2025-01-09,2.372,2.3957,2.2332,2.2709,618755661.0
2025-01-10,2.2709,2.3695,2.2445,2.34,478481869.0
2025-01-11,2.34,2.603,2.3238,2.5756,748139778.0
2025-01-12,2.5756,2.5835,2.4694,2.5032,555255316.0
2025-01-13,2.5032,2.5634,2.329,2.5226,1138726174.0
2025-01-14,2.5226,2.7008,2.5099,2.6666,763621256.0
2025-01-15,2.6666,3.201,2.6485,3.141,1941296043.0
2025-01-16,3.141,3.4033,2.9201,3.2433,2290003148.0
2025-01-17,3.2433,3.3572,3.1728,3.2927,961168021.0
2025-01-18,3.2927,3.2983,3.0562,3.2697,830456696.0
2025-01-19,3.2697,3.2938,2.8254,2.9563,1017174216.0
2025-01-20,2.9563,3.3737,2.9065,3.1051,1498390485.0
2025-01-21,3.1051,3.2396,3.0128,3.1735,601894022.0
2025-01-22,3.1735,3.2867,3.12,3.179,531742396.0
2025-01-23,3.179,3.1837,3.036,3.1183,536347886.0
2025-01-24,3.1183,3.2037,3.0542,3.0993,354646157.0
2025-01-25,3.0993,3.1436,3.076,3.1071,178463334.0
2025-01-26,3.1071,3.1457,3.0087,3.0205,202963143.0
2025-01-27,3.0205,3.0577,2.65,3.053,1028869808.0
2025-01-28,3.053,3.2138,3.0047,3.0553,680162405.0
2025-01-29,3.0553,3.1364,2.9659,3.0663,519936376.0
2025-01-30,3.0663,3.1544,3.0442,3.1272,288463129.0
2025-01-31,3.1272,3.1331,3.0005,3.0351,301303238.0
2025-02-01,3.0351,3.0714,2.8266,2.8762,346730841.0
2025-02-02,2.8762,2.9529,2.4551,2.5786,1144350457.0
2025-02-03,2.5786,2.78,1.7606,2.6989,3308055782.0
2025-02-04,2.6989,2.7869,2.4189,2.5257,1263692136.0
2025-02-05,2.5257,2.5687,2.3412,2.3795,724473551.0
2025-02-06,2.3795,2.4687,2.273,2.3238,663501436.0
2025-02-07,2.3238,2.5404,2.264,2.395,971349968.0
2025-02-08,2.395,2.436,2.349,2.4178,343835336.0
2025-02-09,2.4178,2.5079,2.3102,2.3911,428935661.0
2025-02-10,2.3911,2.4731,2.3213,2.4225,476658044.0
2025-02-11,2.4225,2.5282,2.3691,2.4119,477666935.0
2025-02-12,2.4119,2.4953,2.3302,2.4721,455824316.0
2025-02-13,2.4721,2.6043,2.4129,2.5576,407318834.0
2025-02-14,2.5576,2.8358,2.5283,2.7374,855666068.0
2025-02-15,2.7374,2.8329,2.7129,2.7607,427495784.0
2025-02-16,2.7607,2.8055,2.6877,2.727,324681064.0
2025-02-17,2.727,2.7631,2.6044,2.6586,453211873.0
2025-02-18,2.6586,2.6687,2.4681,2.5614,553755061.0
2025-02-19,2.5614,2.7447,2.51,2.7355,497068771.0
2025-02-20,2.7355,2.7469,2.665,2.6868,379276308.0
2025-02-21,2.6868,2.7154,2.505,2.5753,563132545.0
2025-02-22,2.5753,2.6116,2.5534,2.5751,151475523.0
2025-02-23,2.5751,2.6017,2.5204,2.5769,177141750.0
2025-02-24,2.5769,2.6113,2.2302,2.2764,661075499.0
2025-02-25,2.2764,2.3638,2.0622,2.3207,1250216595.0
2025-02-26,2.3207,2.3304,2.1487,2.1968,664514318.0
2025-02-27,2.1968,2.2571,2.144,2.1978,436475139.0
2025-02-28,2.1978,2.2011,1.9507,2.145,844125835.0
2025-03-01,2.145,2.2186,2.1201,2.1904,322243634.0
2025-03-02,2.1904,3.0115,2.1726,2.9379,1425137626.0
2025-03-03,2.9379,2.9687,2.2959,2.3859,1282832764.0
2025-03-04,2.3859,2.5372,2.2101,2.4527,1095734780.0
2025-03-05,2.4527,2.5394,2.4048,2.4981,507441268.0
2025-03-06,2.4981,2.6446,2.4682,2.5981,584210175.0
2025-03-07,2.5981,2.62,2.3417,2.3837,953499297.0
2025-03-08,2.3837,2.4096,2.3002,2.3248,316755976.0
2025-03-09,2.3248,2.3503,2.0816,2.1378,637599397.0
2025-03-10,2.1378,2.2604,1.9903,2.0202,906603429.0
2025-03-11,2.0202,2.2122,1.8975,2.17,872398474.0
2025-03-12,2.17,2.2764,2.1308,2.2387,774080533.0
2025-03-13,2.2387,2.3462,2.2116,2.2507,606289548.0
2025-03-14,2.2507,2.3882,2.2352,2.3554,437782169.0
2025-03-15,2.3554,2.4742,2.3509,2.3898,377515076.0
2025-03-16,2.3898,2.4094,2.2663,2.2932,443517896.0
2025-03-17,2.2932,2.3774,2.2908,2.3365,340133090.0
2025-03-18,2.3365,2.3384,2.2211,2.2838,389456053.0
2025-03-19,2.2838,2.59,2.2635,2.546,1067656409.0
2025-03-20,2.546,2.5649,2.3865,2.4348,573373092.0
2025-03-21,2.4348,2.4661,2.3545,2.3791,392150373.0
2025-03-22,2.3791,2.4169,2.3562,2.3697,194540770.0
2025-03-23,2.3697,2.4409,2.3637,2.4381,218939804.0
2025-03-24,2.4381,2.5034,2.4118,2.4479,333458675.0
2025-03-25,2.4479,2.4777,2.4055,2.448,310548250.0
2025-03-26,2.448,2.4799,2.3266,2.3477,342531001.0
2025-03-27,2.3477,2.3885,2.3006,2.3399,330613425.0
2025-03-28,2.3399,2.3425,2.1515,2.2056,652032700.0
2025-03-29,2.2056,2.2239,2.0593,2.134,568939162.0
2025-03-30,2.134,2.213,2.1053,2.1356,503713889.0
2025-03-31,2.1356,2.14,2.0226,2.0885,727267646.0
2025-04-01,2.0885,2.1984,2.0634,2.1379,607986971.0
2025-04-02,2.1379,2.234,1.9815,2.0209,950349165.0
2025-04-03,2.0209,2.081,1.9571,2.0629,658990701.0
2025-04-04,2.0629,2.1624,2.0144,2.1291,840548750.0
2025-04-05,2.1291,2.1762,2.1128,2.1435,301695818.0
2025-04-06,2.1435,2.1585,1.8614,1.9208,773309166.0
2025-04-07,1.9208,2.0077,1.6121,1.8975,2302307551.0
2025-04-08,1.8975,1.9744,1.776,1.7958,1181843734.0
2025-04-09,1.7958,2.0884,1.7207,2.0525,1496757890.0
2025-04-10,2.0525,2.0568,1.9206,1.9645,742764580.0
2025-04-11,1.9645,2.0638,1.9462,2.0214,502030423.0
2025-04-12,2.0214,2.1863,2.0024,2.1592,441686306.0
2025-04-13,2.1592,2.2463,2.0801,2.1183,578935798.0
2025-04-14,2.1183,2.1798,2.1022,2.1265,472502348.0
2025-04-15,2.1265,2.185,2.0824,2.0834,407492004.0
2025-04-16,2.0834,2.1282,2.0337,2.0823,481210237.0
2025-04-17,2.0823,2.1147,2.0476,2.0665,370321154.0
2025-04-18,2.0665,2.0886,2.0417,2.0604,224788614.0
2025-04-19,2.0604,2.0972,2.0571,2.0867,159265260.0
2025-04-20,2.0867,2.0939,2.0368,2.0772,229257810.0
2025-04-21,2.0772,2.1402,2.0581,2.0841,321506461.0
2025-04-22,2.0841,2.2514,2.0624,2.2135,502328799.0
2025-04-23,2.2135,2.3009,2.1885,2.2174,601492716.0
2025-04-24,2.2174,2.2361,2.1163,2.2042,502391769.0
2025-04-25,2.2042,2.2186,2.1619,2.18,343290688.0
2025-04-26,2.18,2.2476,2.1778,2.1904,208822600.0
2025-04-27,2.1904,2.294,2.1524,2.2514,388260461.0
2025-04-28,2.2514,2.3613,2.2165,2.2937,465225393.0
2025-04-29,2.2937,2.3142,2.2204,2.2366,289686917.0
2025-04-30,2.2366,2.2577,2.1213,2.1895,402180915.0
2025-05-01,2.1895,2.2564,2.1837,2.2109,237057386.0
2025-05-02,2.2109,2.2405,2.1903,2.2084,198950991.0
2025-05-03,2.2084,2.2196,2.1742,2.1864,144350859.0
2025-05-04,2.1864,2.2184,2.1484,2.1547,194205796.0
2025-05-05,2.1547,2.1988,2.1045,2.1296,307724490.0
2025-05-06,2.1296,2.159,2.0761,2.1539,292986771.0
2025-05-07,2.1539,2.171,2.1012,2.1257,211674814.0
2025-05-08,2.1257,2.3296,2.1167,2.3266,522403959.0
2025-05-09,2.3266,2.4297,2.2821,2.3437,621493590.0
2025-05-10,2.3437,2.4777,2.3348,2.471,396688642.0
2025-05-11,2.471,2.4849,2.3266,2.3663,361521294.0
2025-05-12,2.3663,2.6573,2.3501,2.5437,1046743181.0
2025-05-13,2.5437,2.605,2.4201,2.5817,597726168.0
2025-05-14,2.5817,2.652,2.5164,2.5494,523264071.0
2025-05-15,2.5494,2.571,2.3513,2.3841,612196873.0
2025-05-16,2.3841,2.439,2.3458,2.3787,386333605.0
2025-05-17,2.3787,2.3886,2.2969,2.3522,339836219.0
2025-05-18,2.3522,2.4488,2.3301,2.4269,391293993.0
2025-05-19,2.4269,2.4404,2.2806,2.3796,446252362.0
2025-05-20,2.3796,2.4084,2.333,2.3427,140306494.0
